b,alpha_exact,alpha_numeric,delta_phi,numeric_rel_error,weak1,weak4,bozza
5.19715,8.15613,8.15509,11.2967,3.80008e-11,0.769652,1.7429,8.15544
5.19794,7.57627,7.57523,10.7168,2.09175e-11,0.769536,1.74237,7.5751
5.19934,6.99675,6.99571,10.1373,9.09705e-12,0.769328,1.74143,6.99475
5.20186,6.4178,6.41676,9.55835,5.82192e-12,0.768956,1.73975,6.4144
5.20634,5.83981,5.83877,8.98036,3.23569e-12,0.768294,1.73675,5.83406
5.21436,5.26341,5.26237,8.40396,2.57366e-12,0.767113,1.73142,5.25371
5.22868,4.68967,4.68863,7.83022,1.30501e-12,0.765011,1.72197,4.67337
5.25427,4.12031,4.11926,7.26085,7.73334e-13,0.761286,1.70532,4.09302
5.29998,3.55809,3.55703,6.69862,5.98517e-13,0.754719,1.67628,3.51267
5.38166,3.00735,3.00627,6.14786,3.88767e-13,0.743265,1.62655,2.93233
5.5276,2.47473,2.47362,5.61521,2.5292e-13,0.723642,1.54403,2.35198
5.78833,1.96985,1.96869,5.11028,2.01958e-13,0.691045,1.41419,1.77163
6.25417,1.50561,1.50435,4.64595,1.69761e-13,0.639573,1.22635,1.19129
7.08647,1.0971,1.09569,4.23728,1.68317e-13,0.564456,0.986391,0.610942
8.57351,0.758353,0.756638,3.89823,1.63932e-13,0.466553,0.726012,0.0305953
11.2303,0.497038,0.494792,3.63638,1.61448e-13,0.356178,0.490406,-0.549751
15.9772,0.310531,0.307336,3.44893,1.54771e-13,0.250357,0.30958,-1.1301
24.4581,0.18673,0.181839,3.32343,1.42977e-13,0.163545,0.186631,-1.71044
39.6107,0.109255,0.101333,3.24293,1.38858e-13,0.100983,0.109247,-2.29079
66.6831,0.0627877,0.049451,3.19104,1.14674e-13,0.0599852,0.0627871,-2.87114
115.052,0.0356859,0.0126749,3.15427,9.88346e-14,0.0347668,0.0356858,-3.45148
201.471,0.0201495,-0.0201475,3.12145,8.33704e-14,0.0198539,0.0201495,-4.03183
355.872,0.011334,-0.0598556,3.08174,5.51917e-14,0.01124,0.011334,-4.61218
631.734,0.00636146,-0.12007,3.02152,3.76257e-14,0.00633177,0.00636146,-5.19252
1124.61,0.00356615,-0.221832,2.91976,5.17133e-15,0.0035568,0.00356615,-5.77287
2005.2,0.00199775,-0.401778,2.73981,4.05218e-15,0.00199482,0.00199775,-6.35321
