b,formulation,method,error_at_budget
5.3,a,DOP853,1.45454e-08
5.3,a,DP5,9.42249e-09
5.3,a,GL1,0.244679
5.3,a,GL2,0.000394842
5.3,a,GL3,5.64672e-06
5.3,a,RK4,2.66357e-05
5.3,b,DOP853,3.03908e-11
5.3,b,DP5,2.6974e-12
5.3,b,GL1,0.00480043
5.3,b,GL2,3.81862e-06
5.3,b,GL3,1.45491e-07
5.3,b,RK4,1.47496e-05
5.3,b,Tao2,0.000757549
5.3,b,Tao4,0.00278014
6,a,DOP853,1.53113e-09
6,a,DP5,1.0234e-09
6,a,GL1,0.0253604
6,a,GL2,7.55576e-05
6,a,GL3,5.50589e-07
6,a,RK4,4.35084e-07
6,b,DOP853,4.71445e-12
6,b,DP5,5.88418e-12
6,b,GL1,0.000455226
6,b,GL2,2.28188e-07
6,b,GL3,6.49787e-09
6,b,RK4,5.20462e-07
6,b,Tao2,0.000102434
6,b,Tao4,6.79518e-05
8,a,DOP853,2.86228e-10
8,a,DP5,2.11168e-10
8,a,GL1,0.00339263
8,a,GL2,6.72978e-06
8,a,GL3,4.57479e-08
8,a,RK4,7.87358e-08
8,b,DOP853,2.96252e-12
8,b,DP5,7.26974e-12
8,b,GL1,0.000502316
8,b,GL2,9.6188e-07
8,b,GL3,2.9668e-09
8,b,RK4,9.82564e-08
8,b,Tao2,0.000107853
8,b,Tao4,0.000103147
10,a,DOP853,1.32904e-10
10,a,DP5,9.86748e-11
10,a,GL1,0.00114294
10,a,GL2,1.44397e-06
10,a,GL3,6.50575e-09
10,a,RK4,3.01979e-08
10,b,DOP853,2.55618e-12
10,b,DP5,7.72671e-12
10,b,GL1,0.000312622
10,b,GL2,3.98321e-07
10,b,GL3,8.35586e-10
10,b,RK4,3.47949e-08
10,b,Tao2,7.27528e-05
10,b,Tao4,3.98776e-05
20,a,DOP853,1.6505e-11
20,a,DP5,1.913e-11
20,a,GL1,7.67758e-05
20,a,GL2,2.28195e-08
20,a,GL3,2.45725e-11
20,a,RK4,1.36e-09
20,b,DOP853,1.70752e-12
20,b,DP5,6.26743e-12
20,b,GL1,7.16283e-05
20,b,GL2,2.2039e-08
20,b,GL3,1.12504e-11
20,b,RK4,1.62221e-09
20,b,Tao2,2.43178e-05
20,b,Tao4,2.29303e-06
50,a,DOP853,1.67111e-12
50,a,DP5,5.79314e-12
50,a,GL1,3.58641e-06
50,a,GL2,1.5621e-10
50,a,GL3,2.53019e-14
50,a,RK4,2.84767e-11
50,b,DOP853,9.43245e-13
50,b,DP5,1.70619e-12
50,b,GL1,1.17555e-05
50,b,GL2,6.68698e-10
50,b,GL3,7.26567e-14
50,b,RK4,3.49676e-11
50,b,Tao2,6.23572e-06
50,b,Tao4,1.59765e-07
100,a,DOP853,1.69331e-12
100,a,DP5,3.55449e-12
100,a,GL1,3.90431e-07
100,a,GL2,3.9468e-12
100,a,GL3,4.88498e-15
100,a,RK4,1.64986e-12
100,b,DOP853,6.66134e-15
100,b,DP5,3.12639e-13
100,b,GL1,3.08382e-06
100,b,GL2,4.64022e-11
100,b,GL3,1.49512e-15
100,b,RK4,2.0421e-12
100,b,Tao2,1.7262e-06
100,b,Tao4,3.36423e-08
1000,a,DOP853,1.249e-16
1000,a,DP5,6.42028e-13
1000,a,GL1,2.97333e-12
1000,a,GL2,1.73472e-15
1000,a,GL3,1.55431e-15
1000,a,RK4,1.7486e-15
1000,b,DOP853,3.01148e-15
1000,b,DP5,1.04326e-12
1000,b,GL1,2.99105e-12
1000,b,GL2,5.55112e-16
1000,b,GL3,1.55431e-15
1000,b,RK4,1.7486e-15
1000,b,Tao2,1.83412e-09
1000,b,Tao4,2.08344e-14
