case_label,formulation,method,opt_n_steps,h,error,nfev,n_iter,iter_per_step,status
orbit,a,RK4,40,7.6785,0.0216899,160,0,0,completed
orbit,a,RK4,73,4.2074,0.00277042,292,0,0,completed
orbit,a,RK4,133,2.30932,0.000273642,532,0,0,completed
orbit,a,RK4,243,1.26395,2.54066e-05,972,0,0,completed
orbit,a,RK4,444,0.691757,2.31959e-06,1776,0,0,completed
orbit,a,RK4,811,0.378718,2.10391e-07,3244,0,0,completed
orbit,a,RK4,1480,0.207527,1.90715e-08,5920,0,0,completed
orbit,a,RK4,2702,0.113671,1.72188e-09,10808,0,0,completed
orbit,a,RK4,4933,0.0622623,1.55353e-10,19732,0,0,completed
orbit,a,RK4,9005,0.0341077,1.41149e-11,36020,0,0,completed
orbit,a,RK4,16438,0.0186848,1.38201e-12,65752,0,0,completed
orbit,a,RK4,30008,0.0102353,2.32703e-13,120032,0,0,completed
orbit,a,RK4,54780,0.00560679,1.3145e-13,219120,0,0,completed
orbit,a,RK4,100000,0.0030714,1.19016e-13,400000,0,0,completed
orbit,b,RK4,40,7.6785,0.00242795,184,0,0,completed
orbit,b,RK4,73,4.2074,0.000208371,292,0,0,completed
orbit,b,RK4,133,2.30932,1.82717e-05,532,0,0,completed
orbit,b,RK4,243,1.26395,1.6054e-06,972,0,0,completed
orbit,b,RK4,444,0.691757,1.42292e-07,1776,0,0,completed
orbit,b,RK4,811,0.378718,1.26954e-08,3244,0,0,completed
orbit,b,RK4,1480,0.207527,1.14026e-09,5920,0,0,completed
orbit,b,RK4,2702,0.113671,1.02343e-10,10808,0,0,completed
orbit,b,RK4,4933,0.0622623,9.12692e-12,19732,0,0,completed
orbit,b,RK4,9005,0.0341077,7.44294e-13,36020,0,0,completed
orbit,b,RK4,16438,0.0186848,7.10543e-15,65752,0,0,completed
orbit,b,RK4,30008,0.0102353,7.4607e-14,120032,0,0,completed
orbit,b,RK4,54780,0.00560679,8.17124e-14,219120,0,0,completed
orbit,b,RK4,100000,0.0030714,7.99361e-14,400000,0,0,completed
orbit,a,GL1,40,7.6785,1.68708,923,923,23.075,completed
orbit,a,GL1,73,4.2074,0.45436,1260,1260,17.2603,completed
orbit,a,GL1,133,2.30932,0.132372,1822,1822,13.6992,completed
orbit,a,GL1,243,1.26395,0.0392543,2766,2766,11.3827,completed
orbit,a,GL1,444,0.691757,0.0117224,4366,4366,9.83333,completed
orbit,a,GL1,811,0.378718,0.0035103,6999,6999,8.63009,completed
orbit,a,GL1,1480,0.207527,0.00105377,11444,11444,7.73243,completed
orbit,a,GL1,2702,0.113671,0.000316127,18723,18723,6.92931,completed
orbit,a,GL1,4933,0.0622623,9.48417e-05,31541,31541,6.39388,completed
orbit,a,GL1,9005,0.0341077,2.8461e-05,51829,51829,5.75558,completed
orbit,a,GL1,16438,0.0186848,8.54121e-06,89007,89007,5.41471,completed
orbit,a,GL1,30008,0.0102353,2.56297e-06,153564,153564,5.11744,completed
orbit,a,GL1,54780,0.00560679,7.69083e-07,262749,262749,4.79644,completed
orbit,a,GL1,100000,0.0030714,2.3079e-07,450709,450709,4.50709,completed
orbit,b,GL1,40,7.6785,0.0455313,692,577,14.425,completed
orbit,b,GL1,73,4.2074,0.0138111,942,872,11.9452,completed
orbit,b,GL1,133,2.30932,0.00417299,1416,1356,10.1955,completed
orbit,b,GL1,243,1.26395,0.00125118,2244,2192,9.02058,completed
orbit,b,GL1,444,0.691757,0.000374868,3616,3561,8.02027,completed
orbit,b,GL1,811,0.378718,0.000112366,5782,5755,7.09618,completed
orbit,b,GL1,1480,0.207527,3.37415e-05,9796,9769,6.60068,completed
orbit,b,GL1,2702,0.113671,1.01233e-05,16852,16828,6.22798,completed
orbit,b,GL1,4933,0.0622623,3.03718e-06,27579,27565,5.58788,completed
orbit,b,GL1,9005,0.0341077,9.11434e-07,47962,47941,5.32382,completed
orbit,b,GL1,16438,0.0186848,2.73524e-07,81093,81079,4.93241,completed
orbit,b,GL1,30008,0.0102353,8.20765e-08,136734,136713,4.55589,completed
orbit,b,GL1,54780,0.00560679,2.46292e-08,241307,241297,4.40484,completed
orbit,b,GL1,100000,0.0030714,7.3909e-09,412734,412724,4.12724,completed
orbit,a,GL2,40,7.6785,0.00241278,1378,689,17.225,completed
orbit,a,GL2,73,4.2074,0.000219396,1988,994,13.6164,completed
orbit,a,GL2,133,2.30932,1.99652e-05,2946,1473,11.0752,completed
orbit,a,GL2,243,1.26395,1.79312e-06,4570,2285,9.40329,completed
orbit,a,GL2,444,0.691757,1.60919e-07,7174,3587,8.07883,completed
orbit,a,GL2,811,0.378718,1.44575e-08,11518,5759,7.10111,completed
orbit,a,GL2,1480,0.207527,1.30371e-09,18548,9274,6.26622,completed
orbit,a,GL2,2702,0.113671,1.17463e-10,30012,15006,5.55366,completed
orbit,a,GL2,4933,0.0622623,1.06954e-11,50544,25272,5.12305,completed
orbit,a,GL2,9005,0.0341077,1.0747e-12,84104,42052,4.66985,completed
orbit,a,GL2,16438,0.0186848,2.04281e-13,140900,70450,4.2858,completed
orbit,a,GL2,30008,0.0102353,1.26121e-13,241948,120974,4.03139,completed
orbit,a,GL2,54780,0.00560679,1.19016e-13,420896,210448,3.84169,completed
orbit,a,GL2,100000,0.0030714,1.1724e-13,690906,345453,3.45453,completed
orbit,b,GL2,40,7.6785,0.000128682,938,469,11.725,completed
orbit,b,GL2,73,4.2074,1.13175e-05,1434,717,9.82192,completed
orbit,b,GL2,133,2.30932,1.01972e-06,2260,1130,8.49624,completed
orbit,b,GL2,243,1.26395,9.13095e-08,3612,1806,7.4321,completed
orbit,b,GL2,444,0.691757,8.1871e-09,5816,2908,6.54955,completed
orbit,b,GL2,811,0.378718,7.35421e-10,9530,4765,5.87546,completed
orbit,b,GL2,1480,0.207527,6.63736e-11,16058,8029,5.425,completed
orbit,b,GL2,2702,0.113671,6.05027e-12,26688,13344,4.93856,completed
orbit,b,GL2,4933,0.0622623,6.16396e-13,44756,22378,4.53639,completed
orbit,b,GL2,9005,0.0341077,1.29674e-13,77268,38634,4.29028,completed
orbit,b,GL2,16438,0.0186848,8.17124e-14,126708,63354,3.85412,completed
orbit,b,GL2,30008,0.0102353,7.81597e-14,213748,106874,3.56152,completed
orbit,b,GL2,54780,0.00560679,7.81597e-14,369788,184894,3.37521,completed
orbit,b,GL2,100000,0.0030714,7.63833e-14,615952,307976,3.07976,completed
orbit,a,GL3,40,7.6785,4.07001e-06,2142,594,14.85,completed
orbit,a,GL3,73,4.2074,1.12036e-07,2847,866,11.863,completed
orbit,a,GL3,133,2.30932,3.07882e-09,4092,1293,9.7218,completed
orbit,a,GL3,243,1.26395,8.30216e-11,6057,1975,8.12757,completed
orbit,a,GL3,444,0.691757,2.34834e-12,9327,3087,6.9527,completed
orbit,a,GL3,811,0.378718,1.58096e-13,14583,4861,5.99383,completed
orbit,a,GL3,1480,0.207527,1.1724e-13,23559,7853,5.30608,completed
orbit,a,GL3,2702,0.113671,1.24345e-13,37950,12650,4.68172,completed
orbit,a,GL3,4933,0.0622623,1.15463e-13,62589,20863,4.22927,completed
orbit,a,GL3,9005,0.0341077,1.20792e-13,103974,34658,3.84875,completed
orbit,a,GL3,16438,0.0186848,1.19016e-13,165942,55314,3.36501,completed
orbit,a,GL3,30008,0.0102353,1.24345e-13,276147,92049,3.06748,completed
orbit,a,GL3,54780,0.00560679,1.22569e-13,470385,156795,2.86227,completed
orbit,a,GL3,100000,0.0030714,1.20792e-13,752877,250959,2.50959,completed
orbit,b,GL3,40,7.6785,2.19154e-07,1518,421,10.525,completed
orbit,b,GL3,73,4.2074,5.65156e-09,1941,647,8.86301,completed
orbit,b,GL3,133,2.30932,1.51983e-10,3018,1006,7.56391,completed
orbit,b,GL3,243,1.26395,3.98614e-12,4761,1587,6.53086,completed
orbit,b,GL3,444,0.691757,3.19744e-14,7677,2559,5.76351,completed
orbit,b,GL3,811,0.378718,7.4607e-14,12561,4187,5.16276,completed
orbit,b,GL3,1480,0.207527,7.63833e-14,20175,6725,4.54392,completed
orbit,b,GL3,2702,0.113671,8.17124e-14,34041,11347,4.19948,completed
orbit,b,GL3,4933,0.0622623,7.99361e-14,54300,18100,3.66917,completed
orbit,b,GL3,9005,0.0341077,8.34888e-14,91227,30409,3.3769,completed
orbit,b,GL3,16438,0.0186848,7.99361e-14,151665,50555,3.0755,completed
orbit,b,GL3,30008,0.0102353,7.81597e-14,259308,86436,2.88043,completed
orbit,b,GL3,54780,0.00560679,7.99361e-14,416229,138743,2.53273,completed
orbit,b,GL3,100000,0.0030714,7.81597e-14,670452,223484,2.23484,completed
orbit,b,Tao2,40,7.6785,0.0446328,121,0,0,completed
orbit,b,Tao2,73,4.2074,0.0130527,220,0,0,completed
orbit,b,Tao2,133,2.30932,0.00390088,400,0,0,completed
orbit,b,Tao2,243,1.26395,0.00116573,730,0,0,completed
orbit,b,Tao2,444,0.691757,0.000348922,1333,0,0,completed
orbit,b,Tao2,811,0.378718,0.000104558,2434,0,0,completed
orbit,b,Tao2,1480,0.207527,3.13941e-05,4441,0,0,completed
orbit,b,Tao2,2702,0.113671,9.41872e-06,8107,0,0,completed
orbit,b,Tao2,4933,0.0622623,2.82578e-06,14800,0,0,completed
orbit,b,Tao2,9005,0.0341077,8.47992e-07,27016,0,0,completed
orbit,b,Tao2,16438,0.0186848,2.54484e-07,49315,0,0,completed
orbit,b,Tao2,30008,0.0102353,7.63632e-08,90025,0,0,completed
orbit,b,Tao2,54780,0.00560679,2.29147e-08,164341,0,0,completed
orbit,b,Tao2,100000,0.0030714,6.87629e-09,300001,0,0,completed
orbit,b,Tao4,40,7.6785,0.00777191,361,0,0,completed
orbit,b,Tao4,73,4.2074,0.000741147,658,0,0,completed
orbit,b,Tao4,133,2.30932,6.83021e-05,1198,0,0,completed
orbit,b,Tao4,243,1.26395,6.15695e-06,2188,0,0,completed
orbit,b,Tao4,444,0.691757,5.53144e-07,3997,0,0,completed
orbit,b,Tao4,811,0.378718,4.97119e-08,7300,0,0,completed
orbit,b,Tao4,1480,0.207527,4.48286e-09,13321,0,0,completed
orbit,b,Tao4,2702,0.113671,4.03599e-10,24319,0,0,completed
orbit,b,Tao4,4933,0.0622623,3.64064e-11,44398,0,0,completed
orbit,b,Tao4,9005,0.0341077,3.3431e-12,81046,0,0,completed
orbit,b,Tao4,16438,0.0186848,3.73035e-13,147943,0,0,completed
orbit,b,Tao4,30008,0.0102353,1.03029e-13,270073,0,0,completed
orbit,b,Tao4,54780,0.00560679,7.4607e-14,493021,0,0,completed
orbit,b,Tao4,100000,0.0030714,8.34888e-14,900001,0,0,completed
deflection,a,RK4,200,20,inf,300,0,0,captured
deflection,a,RK4,364,10.989,46.5551,540,0,0,escaped
deflection,a,RK4,663,6.03318,0.021505,1452,0,0,escaped
deflection,a,RK4,1207,3.314,0.00712488,2432,0,0,escaped
deflection,a,RK4,2197,1.82066,0.00040316,4412,0,0,escaped
deflection,a,RK4,4000,1,2.3739e-05,8028,0,0,escaped
deflection,a,RK4,7282,0.5493,1.66279e-06,14604,0,0,escaped
deflection,a,RK4,13258,0.301705,1.32107e-07,26584,0,0,escaped
deflection,a,RK4,24137,0.165721,1.12356e-08,48388,0,0,escaped
deflection,a,RK4,43942,0.0910291,9.88181e-10,88084,0,0,escaped
deflection,a,RK4,80000,0.05,8.83498e-11,160356,0,0,escaped
deflection,a,RK4,145645,0.027464,7.96607e-12,291928,0,0,escaped
deflection,a,RK4,265156,0.0150855,7.21201e-13,531464,0,0,escaped
deflection,a,RK4,482734,0.00828614,6.4837e-14,967560,0,0,escaped
deflection,a,RK4,878848,0.00455141,5.32907e-15,1761496,0,0,escaped
deflection,a,RK4,1600000,0.0025,0,3206908,0,0,escaped
deflection,b,RK4,200,20,inf,284,0,0,captured
deflection,b,RK4,364,10.989,1.987,740,0,0,escaped
deflection,b,RK4,663,6.03318,0.013397,1336,0,0,escaped
deflection,b,RK4,1207,3.314,0.000349038,2432,0,0,escaped
deflection,b,RK4,2197,1.82066,0.000124429,4412,0,0,escaped
deflection,b,RK4,4000,1,1.64941e-05,8028,0,0,escaped
deflection,b,RK4,7282,0.5493,1.75232e-06,14604,0,0,escaped
deflection,b,RK4,13258,0.301705,1.71563e-07,26584,0,0,escaped
deflection,b,RK4,24137,0.165721,1.62057e-08,48388,0,0,escaped
deflection,b,RK4,43942,0.0910291,1.50426e-09,88084,0,0,escaped
deflection,b,RK4,80000,0.05,1.38359e-10,160356,0,0,escaped
deflection,b,RK4,145645,0.027464,1.26663e-11,291928,0,0,escaped
deflection,b,RK4,265156,0.0150855,1.1573e-12,531464,0,0,escaped
deflection,b,RK4,482734,0.00828614,1.06581e-13,967560,0,0,escaped
deflection,b,RK4,878848,0.00455141,9.76996e-15,1761496,0,0,escaped
deflection,b,RK4,1600000,0.0025,8.88178e-16,3206904,0,0,escaped
deflection,a,GL1,200,20,inf,862,862,17.5918,failed: implicit iteration did not converge
deflection,a,GL1,364,10.989,inf,1256,1256,13.9556,failed: implicit iteration did not converge
deflection,a,GL1,663,6.03318,inf,1939,1939,11.7515,failed: implicit iteration did not converge
deflection,a,GL1,1207,3.314,0.357888,5883,5867,9.69752,escaped
deflection,a,GL1,2197,1.82066,0.142977,9344,9330,8.47411,escaped
deflection,a,GL1,4000,1,0.0480759,15232,15220,7.59102,escaped
deflection,a,GL1,7282,0.5493,0.0150355,24928,24916,6.82817,escaped
deflection,a,GL1,13258,0.301705,0.00458674,41837,41825,6.29515,escaped
deflection,a,GL1,24137,0.165721,0.00138857,69511,69500,5.74618,escaped
deflection,a,GL1,43942,0.0910291,0.000419391,118536,118525,5.38285,escaped
deflection,a,GL1,80000,0.05,0.000126571,204949,204939,5.11236,escaped
deflection,a,GL1,145645,0.027464,3.81912e-05,346967,346957,4.75414,escaped
deflection,a,GL1,265156,0.0150855,1.1523e-05,583169,583159,4.38914,escaped
deflection,a,GL1,482734,0.00828614,3.4766e-06,1016881,1016872,4.2039,escaped
deflection,a,GL1,878848,0.00455141,1.04892e-06,1808910,1808902,4.10767,escaped
deflection,a,GL1,1600000,0.0025,3.1647e-07,3219829,3219825,4.01612,escaped
deflection,b,GL1,200,20,inf,489,489,9.78,failed: implicit iteration did not converge
deflection,b,GL1,364,10.989,inf,716,716,7.86813,failed: implicit iteration did not converge
deflection,b,GL1,663,6.03318,inf,1206,1206,7.26506,failed: implicit iteration did not converge
deflection,b,GL1,1207,3.314,0.0195382,3731,3719,6.14711,escaped
deflection,b,GL1,2197,1.82066,0.00600404,6202,6191,5.62307,escaped
deflection,b,GL1,4000,1,0.00182209,10513,10503,5.2384,escaped
deflection,b,GL1,7282,0.5493,0.000550681,18174,18164,4.9778,escaped
deflection,b,GL1,13258,0.301705,0.000166209,31736,31726,4.77514,escaped
deflection,b,GL1,24137,0.165721,5.0154e-05,53803,53793,4.44754,escaped
deflection,b,GL1,43942,0.0910291,1.51332e-05,93929,93921,4.26545,escaped
deflection,b,GL1,80000,0.05,4.56579e-06,166946,166938,4.16439,escaped
deflection,b,GL1,145645,0.027464,1.37755e-06,282085,282077,3.86513,escaped
deflection,b,GL1,265156,0.0150855,4.15619e-07,475301,475293,3.57729,escaped
deflection,b,GL1,482734,0.00828614,1.25396e-07,810892,810884,3.35231,escaped
deflection,b,GL1,878848,0.00455141,3.7833e-08,1420792,1420784,3.22633,escaped
deflection,b,GL1,1600000,0.0025,1.14145e-08,2521949,2521941,3.14564,escaped
deflection,a,GL2,200,20,inf,1374,687,14.0204,failed: implicit iteration did not converge
deflection,a,GL2,364,10.989,inf,2044,1022,11.3556,failed: implicit iteration did not converge
deflection,a,GL2,663,6.03318,0.00219757,6238,3103,9.37462,escaped
deflection,a,GL2,1207,3.314,0.00298656,9698,4835,7.99174,escaped
deflection,a,GL2,2197,1.82066,0.000282888,15292,7632,6.93188,escaped
deflection,a,GL2,4000,1,2.57156e-05,24694,12335,6.15212,escaped
deflection,a,GL2,7282,0.5493,2.34065e-06,40764,20370,5.58235,escaped
deflection,a,GL2,13258,0.301705,2.13012e-07,68082,34030,5.12191,escaped
deflection,a,GL2,24137,0.165721,1.93899e-08,111166,55572,4.59463,escaped
deflection,a,GL2,43942,0.0910291,1.76518e-09,189896,94938,4.31164,escaped
deflection,a,GL2,80000,0.05,1.60674e-10,327220,163600,4.08112,escaped
deflection,a,GL2,145645,0.027464,1.46265e-11,539570,269775,3.69656,escaped
deflection,a,GL2,265156,0.0150855,1.33138e-12,895138,447559,3.36855,escaped
deflection,a,GL2,482734,0.00828614,1.2168e-13,1546770,773377,3.19725,escaped
deflection,a,GL2,878848,0.00455141,1.15463e-14,2732650,1366317,3.10264,escaped
deflection,a,GL2,1600000,0.0025,1.77636e-15,4886762,2443372,3.04764,escaped
deflection,b,GL2,200,20,inf,764,382,7.64,failed: implicit iteration did not converge
deflection,b,GL2,364,10.989,0.0522287,2510,1231,6.54787,escaped
deflection,b,GL2,663,6.03318,0.00774074,3866,1923,5.75749,escaped
deflection,b,GL2,1207,3.314,2.91463e-05,6418,3198,5.28595,escaped
deflection,b,GL2,2197,1.82066,3.67799e-06,10806,5393,4.89827,escaped
deflection,b,GL2,4000,1,3.52942e-07,18134,9057,4.51721,escaped
deflection,b,GL2,7282,0.5493,3.26038e-08,31380,15680,4.29707,escaped
deflection,b,GL2,13258,0.301705,2.98021e-09,51496,25738,3.87387,escaped
deflection,b,GL2,24137,0.165721,2.7164e-10,85852,42916,3.54824,escaped
deflection,b,GL2,43942,0.0910291,2.47393e-11,146652,73318,3.32976,escaped
deflection,b,GL2,80000,0.05,2.25242e-12,256262,128123,3.19612,escaped
deflection,b,GL2,145645,0.027464,2.05169e-13,455406,227695,3.11996,escaped
deflection,b,GL2,265156,0.0150855,1.95399e-14,797142,398563,2.99978,escaped
deflection,b,GL2,482734,0.00828614,1.77636e-15,1373728,686856,2.83956,escaped
deflection,b,GL2,878848,0.00455141,0,2393446,1196715,2.71751,escaped
deflection,b,GL2,1600000,0.0025,0,4129682,2064837,2.57549,escaped
deflection,a,GL3,200,20,inf,1812,604,12.3265,failed: implicit iteration did not converge
deflection,a,GL3,364,10.989,inf,2700,900,9.89011,failed: implicit iteration did not converge
deflection,a,GL3,663,6.03318,0.00417679,8064,2659,7.98498,escaped
deflection,a,GL3,1207,3.314,4.07635e-05,12510,4156,6.86942,escaped
deflection,a,GL3,2197,1.82066,7.0577e-07,19749,6569,5.96639,escaped
deflection,a,GL3,4000,1,1.92426e-08,31641,10535,5.25436,escaped
deflection,a,GL3,7282,0.5493,5.27772e-10,50991,16985,4.6547,escaped
deflection,a,GL3,13258,0.301705,1.44835e-11,84393,28121,4.23254,escaped
deflection,a,GL3,24137,0.165721,3.97016e-13,134586,44852,3.70831,escaped
deflection,a,GL3,43942,0.0910291,1.06581e-14,222630,74200,3.36982,escaped
deflection,a,GL3,80000,0.05,0,382689,127553,3.1819,escaped
deflection,a,GL3,145645,0.027464,0,631245,210405,2.88305,escaped
deflection,a,GL3,265156,0.0150855,0,991971,330647,2.48861,escaped
deflection,a,GL3,482734,0.00828614,8.88178e-16,1639293,546422,2.25899,escaped
deflection,a,GL3,878848,0.00455141,0,2823219,941065,2.13698,escaped
deflection,a,GL3,1600000,0.0025,8.88178e-16,4982598,1660862,2.07161,escaped
deflection,b,GL3,200,20,0.0949083,2235,721,6.86667,escaped
deflection,b,GL3,364,10.989,0.00371625,3327,1085,5.92896,escaped
deflection,b,GL3,663,6.03318,0.000812349,5316,1762,5.29129,escaped
deflection,b,GL3,1207,3.314,3.60987e-06,8628,2866,4.73719,escaped
deflection,b,GL3,2197,1.82066,7.91018e-08,14247,4739,4.30427,escaped
deflection,b,GL3,4000,1,2.23351e-09,22926,7632,3.80648,escaped
deflection,b,GL3,7282,0.5493,6.16591e-11,38082,12684,3.47602,escaped
deflection,b,GL3,13258,0.301705,1.69553e-12,65133,21701,3.26626,escaped
deflection,b,GL3,24137,0.165721,4.70735e-14,109053,36341,3.00463,escaped
deflection,b,GL3,43942,0.0910291,8.88178e-16,186345,62107,2.82061,escaped
deflection,b,GL3,80000,0.05,0,313104,104360,2.60334,escaped
deflection,b,GL3,145645,0.027464,0,508482,169486,2.32236,escaped
deflection,b,GL3,265156,0.0150855,8.88178e-16,867654,289210,2.17674,escaped
deflection,b,GL3,482734,0.00828614,0,1523085,507687,2.09885,escaped
deflection,b,GL3,878848,0.00455141,0,2711802,903926,2.05264,escaped
deflection,b,GL3,1600000,0.0025,0,4879728,1626572,2.02884,escaped
deflection,b,Tao2,200,20,1.40728,336,0,0,escaped
deflection,b,Tao2,364,10.989,inf,325,0,0,captured
deflection,b,Tao2,663,6.03318,0.146777,1007,0,0,escaped
deflection,b,Tao2,1207,3.314,0.0128779,1832,0,0,escaped
deflection,b,Tao2,2197,1.82066,0.0037642,3320,0,0,escaped
deflection,b,Tao2,4000,1,0.0011331,6024,0,0,escaped
deflection,b,Tao2,7282,0.5493,0.00034164,10956,0,0,escaped
deflection,b,Tao2,13258,0.301705,0.000103042,19965,0,0,escaped
deflection,b,Tao2,24137,0.165721,3.10867e-05,36310,0,0,escaped
deflection,b,Tao2,43942,0.0910291,9.37936e-06,66081,0,0,escaped
deflection,b,Tao2,80000,0.05,2.82976e-06,119781,0,0,escaped
deflection,b,Tao2,145645,0.027464,8.53765e-07,212476,0,0,escaped
deflection,b,Tao2,265156,0.0150855,2.57588e-07,355091,0,0,escaped
deflection,b,Tao2,482734,0.00828614,7.77165e-08,627526,0,0,escaped
deflection,b,Tao2,878848,0.00455141,2.34478e-08,1126884,0,0,escaped
deflection,b,Tao2,1600000,0.0025,7.07439e-09,2034243,0,0,escaped
deflection,b,Tao4,200,20,inf,751,0,0,captured
deflection,b,Tao4,364,10.989,inf,1220,0,0,captured
deflection,b,Tao4,663,6.03318,inf,1674,0,0,captured
deflection,b,Tao4,1207,3.314,0.00890953,5505,0,0,escaped
deflection,b,Tao4,2197,1.82066,0.00127467,10000,0,0,escaped
deflection,b,Tao4,4000,1,0.000101986,18086,0,0,escaped
deflection,b,Tao4,7282,0.5493,8.7846e-06,32872,0,0,escaped
deflection,b,Tao4,13258,0.301705,7.84993e-07,59847,0,0,escaped
deflection,b,Tao4,24137,0.165721,7.1053e-08,108876,0,0,escaped
deflection,b,Tao4,43942,0.0910291,6.45725e-09,198272,0,0,escaped
deflection,b,Tao4,80000,0.05,5.87463e-10,360824,0,0,escaped
deflection,b,Tao4,145645,0.027464,5.34692e-11,656841,0,0,escaped
deflection,b,Tao4,265156,0.0150855,4.86722e-12,1178786,0,0,escaped
deflection,b,Tao4,482734,0.00828614,4.43201e-13,2028266,0,0,escaped
deflection,b,Tao4,878848,0.00455141,4.08562e-14,3526696,0,0,escaped
deflection,b,Tao4,1600000,0.0025,1.77636e-15,6240008,0,0,escaped
