formulation,method,opt_rtol,opt_n_steps,orbits,exit,nfev
a,DP5,0.001,,0.780931,left_outward,97
a,DP5,0.0001,,0.897932,left_inward,133
a,DP5,1e-05,,1.43414,left_inward,253
a,DP5,1e-06,,1.90748,left_inward,445
a,DP5,1e-07,,2.3318,left_inward,769
a,DP5,1e-08,,2.74659,left_inward,1204
a,DP5,1e-09,,3.223,left_inward,2013
a,DP5,1e-10,,3.65732,left_inward,3483
a,DP5,1e-11,,4.08018,left_inward,6124
a,DP5,1e-12,,4.49159,left_inward,10738
a,DP5,1e-13,,4.81835,left_inward,18304
b,DP5,0.001,,1.53742,left_inward,162
b,DP5,0.0001,,1.42783,left_outward,211
b,DP5,1e-05,,1.70763,left_outward,337
b,DP5,1e-06,,2.25999,left_outward,595
b,DP5,1e-07,,2.72796,left_outward,981
b,DP5,1e-08,,3.22888,left_outward,1641
b,DP5,1e-09,,3.54999,left_inward,2649
b,DP5,1e-10,,3.82156,left_inward,4557
b,DP5,1e-11,,4.15659,left_inward,7707
b,DP5,1e-12,,4.50504,left_inward,13341
b,DP5,1e-13,,4.93893,left_inward,23248
a,DOP853,0.001,,1.16305,left_inward,245
a,DOP853,0.0001,,1.65458,left_outward,328
a,DOP853,1e-05,,2.11149,left_inward,451
a,DOP853,1e-06,,2.29626,left_inward,607
a,DOP853,1e-07,,2.96371,left_outward,893
a,DOP853,1e-08,,3.04265,left_inward,1075
a,DOP853,1e-09,,3.53395,left_outward,1569
a,DOP853,1e-10,,4.24401,left_inward,2314
a,DOP853,1e-11,,4.08375,left_outward,2899
a,DOP853,1e-12,,4.28772,left_outward,3801
a,DOP853,1e-13,,4.65548,left_outward,4941
b,DOP853,0.001,,1.31169,left_outward,246
b,DOP853,0.0001,,1.70498,left_inward,318
b,DOP853,1e-05,,1.88617,left_outward,439
b,DOP853,1e-06,,2.53242,left_inward,618
b,DOP853,1e-07,,2.68538,left_inward,847
b,DOP853,1e-08,,3.23004,left_inward,1279
b,DOP853,1e-09,,3.49614,left_inward,1624
b,DOP853,1e-10,,3.69628,left_inward,2215
b,DOP853,1e-11,,4.03766,left_inward,3199
b,DOP853,1e-12,,4.28956,left_inward,4269
b,DOP853,1e-13,,4.59204,left_inward,5719
a,RK4,,441,0.613696,left_outward,52
a,RK4,,827,1.05751,left_outward,96
a,RK4,,1709,1.52818,left_outward,220
a,RK4,,3473,1.98918,left_outward,524
a,RK4,,6947,2.43766,left_outward,1256
a,RK4,,13893,2.88297,left_outward,2940
a,RK4,,27732,3.32517,left_outward,6728
a,RK4,,55409,3.76692,left_outward,15204
a,RK4,,110541,4.20715,left_outward,33844
a,RK4,,220532,4.64705,left_outward,74540
b,RK4,,441,0.707561,left_inward,52
b,RK4,,827,1.00113,left_inward,88
b,RK4,,1709,1.44702,left_inward,208
b,RK4,,3473,1.90297,left_inward,508
b,RK4,,6947,2.34935,left_inward,1200
b,RK4,,13893,2.79382,left_inward,2828
b,RK4,,27732,3.23567,left_inward,6512
b,RK4,,55409,3.67727,left_inward,14756
b,RK4,,110541,4.11744,left_inward,32956
b,RK4,,220532,4.55741,left_inward,72768
a,GL2,,441,1.28143,left_inward,1110
a,GL2,,827,1.35808,left_outward,1250
a,GL2,,1709,1.81915,left_outward,2102
a,GL2,,3473,2.27164,left_outward,3812
a,GL2,,6947,2.71326,left_outward,7382
a,GL2,,13893,3.15455,left_outward,14584
a,GL2,,27732,3.59459,left_outward,28564
a,GL2,,55409,4.03523,left_outward,56890
a,GL2,,110541,4.47488,left_outward,112830
a,GL2,,220532,4.91423,left_outward,228836
b,GL2,,441,0.925292,left_inward,786
b,GL2,,827,1.20368,left_inward,1110
b,GL2,,1709,1.65529,left_inward,1778
b,GL2,,3473,2.10497,left_inward,3366
b,GL2,,6947,2.54592,left_inward,6666
b,GL2,,13893,2.98704,left_inward,13148
b,GL2,,27732,3.42704,left_inward,26348
b,GL2,,55409,3.86768,left_inward,52580
b,GL2,,110541,4.30735,left_inward,104348
b,GL2,,220532,4.74707,left_inward,216040
a,GL3,,441,1.27822,left_outward,1413
a,GL3,,827,2.34546,left_outward,2523
a,GL3,,1709,3.03296,left_inward,4407
a,GL3,,3473,3.70408,left_inward,8352
a,GL3,,6947,4.36473,left_inward,15750
a,GL3,,13893,5.0272,left_inward,30645
a,GL3,,27732,5.83271,left_inward,61050
a,GL3,,55409,5.74597,left_outward,106464
a,GL3,,110541,5.87218,left_outward,195999
a,GL3,,220532,5.77627,left_outward,338697
b,GL3,,441,1.24589,left_inward,1386
b,GL3,,827,1.95009,left_inward,1872
b,GL3,,1709,2.66618,left_inward,3690
b,GL3,,3473,3.34053,left_inward,7122
b,GL3,,6947,4.00189,left_inward,13725
b,GL3,,13893,4.66353,left_inward,27030
b,GL3,,27732,5.34455,left_inward,53793
b,GL3,,55409,6.24473,left_outward,111798
b,GL3,,110541,5.93428,left_outward,187884
b,GL3,,220532,5.95913,left_outward,340140
b,Tao4,,441,0.20469,left_inward,159
b,Tao4,,827,0.431132,left_inward,154
b,Tao4,,1709,0.924043,left_inward,352
b,Tao4,,3473,1.36763,left_inward,845
b,Tao4,,6947,1.78992,left_inward,2105
b,Tao4,,13893,2.20768,left_inward,5055
b,Tao4,,27732,2.6191,left_inward,11913
b,Tao4,,55409,3.02736,left_inward,27446
b,Tao4,,110541,3.43213,left_inward,62015
b,Tao4,,220532,3.83528,left_inward,138182
