formulation,method,opt_rtol,steps_per_orbit,opt_omega,orbits,exit,nfev,dH_max
a,DP5,0.001,,,1.20043,outward,115,0.0106293
a,DP5,0.0001,,,1.92705,plunged,235,0.00506518
a,DP5,1e-05,,,10.8741,plunged,1495,0.00035064
a,DP5,1e-06,,,15.0185,plunged,3027,2.07386e-05
a,DP5,1e-07,,,25.9114,plunged,7239,1.5741e-06
a,DP5,1e-08,,,48.8412,plunged,18069,1.84525e-07
a,DP5,1e-09,,,2000,completed,1136222,4.2694e-07
a,DP5,1e-10,,,2000,completed,1803854,6.26774e-08
a,DP5,1e-11,,,2000,completed,2860736,7.10591e-09
a,DP5,1e-12,,,2000,completed,4535090,7.44597e-10
a,DP5,1e-13,,,2000,completed,7188248,7.57215e-11
b,DP5,0.001,,,1.35736,plunged,145,0.00779571
b,DP5,0.0001,,,18.6091,outward,1569,0.00397898
b,DP5,1e-05,,,590.069,outward,84721,0.00426544
b,DP5,1e-06,,,2000,completed,442478,0.000786225
b,DP5,1e-07,,,2000,completed,675440,2.65138e-05
b,DP5,1e-08,,,2000,completed,914072,5.97353e-07
b,DP5,1e-09,,,75.1901,plunged,53301,1.3031e-08
b,DP5,1e-10,,,110.118,plunged,123723,2.9844e-09
b,DP5,1e-11,,,171.017,plunged,304479,5.27425e-10
b,DP5,1e-12,,,269.506,plunged,760156,8.6914e-11
b,DP5,1e-13,,,426.635,plunged,1906390,1.39726e-11
a,DOP853,0.001,,,22.2625,outward,1942,0.00437363
a,DOP853,0.0001,,,6.7618,plunged,1039,0.000136945
a,DOP853,1e-05,,,1279.13,outward,183401,0.00426975
a,DOP853,1e-06,,,2000,completed,361862,0.00176308
a,DOP853,1e-07,,,2000,completed,506666,0.000243436
a,DOP853,1e-08,,,2000,completed,634454,1.07523e-05
a,DOP853,1e-09,,,2000,completed,801386,1.4285e-06
a,DOP853,1e-10,,,2000,completed,1031594,1.45597e-07
a,DOP853,1e-11,,,2000,completed,1267802,1.17297e-08
a,DOP853,1e-12,,,2000,completed,1523966,1.08512e-09
a,DOP853,1e-13,,,2000,completed,1937426,1.13114e-10
b,DOP853,0.001,,,19.1851,outward,1591,0.00352172
b,DOP853,0.0001,,,18.5168,outward,1960,0.00211931
b,DOP853,1e-05,,,8.62412,plunged,1255,5.23146e-05
b,DOP853,1e-06,,,2000,completed,277154,0.0033623
b,DOP853,1e-07,,,2000,completed,554138,3.43923e-05
b,DOP853,1e-08,,,2000,completed,693014,2.62262e-06
b,DOP853,1e-09,,,2000,completed,910166,6.05383e-07
b,DOP853,1e-10,,,2000,completed,1093250,4.29066e-08
b,DOP853,1e-11,,,2000,completed,1583702,2.77292e-09
b,DOP853,1e-12,,,2000,completed,1907774,4.02985e-10
b,DOP853,1e-13,,,2000,completed,2484026,3.522e-11
a,RK4,,10,,2.63178,outward,136,0.00202992
a,RK4,,21,,621.866,outward,52268,0.00411673
a,RK4,,46,,2000,completed,368000,0.000912755
a,RK4,,100,,2000,completed,800000,3.39861e-05
a,RK4,,215,,2000,completed,1720000,8.24971e-07
a,RK4,,464,,2000,completed,3712000,1.79774e-08
a,RK4,,1000,,2000,completed,8000000,3.80172e-10
b,RK4,,10,,1.22848,plunged,80,0.0200303
b,RK4,,21,,3.07201,plunged,288,0.00110634
b,RK4,,46,,8.18807,plunged,1528,3.99769e-05
b,RK4,,100,,19.5525,plunged,7844,1.63605e-06
b,RK4,,215,,43.8736,plunged,37748,6.95367e-08
b,RK4,,464,,96.588,plunged,179284,3.23635e-09
b,RK4,,1000,,210.087,plunged,840364,1.51596e-10
a,GL2,,10,,4.53772,plunged,3230,0.00136801
a,GL2,,21,,13.6886,plunged,11888,1.43459e-05
a,GL2,,46,,31.3311,plunged,42248,3.92075e-06
a,GL2,,100,,69.842,plunged,159926,1.23455e-07
a,GL2,,215,,151.986,plunged,625388,1.93432e-09
a,GL2,,464,,329.904,plunged,2495438,1.00047e-10
a,GL2,,1000,,712.815,plunged,10122492,1.60074e-11
b,GL2,,10,,2.43452,plunged,1748,0.000665277
b,GL2,,21,,7.15611,plunged,5918,3.06439e-05
b,GL2,,46,,17.4864,plunged,22384,1.30608e-06
b,GL2,,100,,39.9022,plunged,88316,3.81647e-08
b,GL2,,215,,87.686,plunged,348678,1.98132e-09
b,GL2,,464,,191.17,plunged,1393736,6.69331e-11
b,GL2,,1000,,413.935,plunged,5688866,4.55103e-12
a,GL3,,10,,6.8358,plunged,5952,0.000191468
a,GL3,,21,,50.5909,plunged,56634,2.31889e-07
a,GL3,,46,,172.405,plunged,311031,3.38769e-09
a,GL3,,100,,554.724,plunged,1708500,3.31752e-11
a,GL3,,215,,1732.06,plunged,9490566,3.81917e-14
a,GL3,,464,,2000,completed,19890228,3.9968e-15
a,GL3,,1000,,2000,completed,37385898,8.88178e-16
b,GL3,,10,,10.2607,plunged,7911,0.000110293
b,GL3,,21,,33.374,plunged,35175,3.18426e-07
b,GL3,,46,,110.062,plunged,189528,2.60751e-10
b,GL3,,100,,355.796,plunged,1036275,6.1402e-12
b,GL3,,215,,1126.08,plunged,5917437,3.73035e-14
b,GL3,,464,,2000,completed,19074012,8.88178e-16
b,GL3,,1000,,2000,completed,36248367,6.66134e-16
b,Tao4,,10,0.001,0.292165,plunged,148,0.0298852
b,Tao4,,21,0.001,1.21017,plunged,315,0.028667
b,Tao4,,46,0.001,2.31378,plunged,1044,0.0107499
b,Tao4,,100,0.001,3.17848,plunged,2913,0.0252578
b,Tao4,,215,0.001,3.96091,plunged,7749,0.0795441
b,Tao4,,464,0.001,4.73358,plunged,19824,0.0457825
b,Tao4,,1000,0.001,5.53132,plunged,49829,0.0653107
b,Tao4,,10,0.1,0.167691,plunged,619,5.65972
b,Tao4,,21,0.1,0.291768,plunged,484,2781.95
b,Tao4,,46,0.1,3.25335,plunged,1431,0.00237759
b,Tao4,,100,0.1,9.11226,plunged,8259,6.43904e-05
b,Tao4,,215,0.1,21.4816,plunged,41622,1.62235e-06
b,Tao4,,464,0.1,48.2805,plunged,201718,4.03149e-07
b,Tao4,,1000,0.1,105.983,plunged,953908,4.42228e-09
