formulation,case_k,b,x,windings,windings_exact,windings_bozza,error
a,0.5,6.83932,1.15129,0.687188,0.687188,0.619535,7.06661e-11
a,1,5.71577,2.30259,0.829308,0.829308,0.802769,2.74454e-10
a,1.5,5.36047,3.45388,0.995055,0.995055,0.986003,9.68449e-10
a,2,5.24811,4.60517,1.1715,1.1715,1.16924,3.44966e-09
a,2.5,5.21258,5.75646,1.35222,1.35222,1.35247,1.01418e-08
a,3,5.20135,6.90776,1.53455,1.53455,1.5357,2.94588e-08
a,3.5,5.1978,8.05905,1.71746,1.71746,1.71894,9.22627e-08
a,4,5.19667,9.21034,1.90058,1.90058,1.90217,3.24643e-07
a,4.5,5.19632,10.3616,2.08377,2.08377,2.08541,1.02197e-06
a,5,5.1962,11.5129,2.26699,2.26699,2.26864,3.07085e-06
a,5.5,5.19617,12.6642,2.45022,2.45022,2.45187,1.03357e-05
a,6,5.19616,13.8155,2.63346,2.63346,2.63511,3.2321e-05
a,6.5,5.19615,14.9668,2.8167,2.81669,2.81834,0.000103512
a,7,5.19615,16.1181,2.99997,2.99992,3.00158,0.000321886
a,7.5,5.19615,17.2694,3.18331,3.18316,3.18481,0.000967947
a,8,5.19615,18.4207,3.36691,3.36639,3.36804,0.00324967
a,8.5,5.19615,19.572,3.55137,3.54962,3.55128,0.010957
a,9,5.19615,20.7233,3.73781,3.73286,3.73451,0.0311379
a,9.5,5.19615,21.8746,3.93307,3.91609,3.91775,0.106699
a,10,5.19615,23.0259,4.1624,4.09933,4.10098,0.39631
b,0.5,6.83932,1.15129,0.687188,0.687188,0.619535,5.08926e-13
b,1,5.71577,2.30259,0.829308,0.829308,0.802769,7.35412e-13
b,1.5,5.36047,3.45388,0.995055,0.995055,0.986003,1.99041e-12
b,2,5.24811,4.60517,1.1715,1.1715,1.16924,7.12053e-12
b,2.5,5.21258,5.75646,1.35222,1.35222,1.35247,2.2661e-11
b,3,5.20135,6.90776,1.53455,1.53455,1.5357,7.0596e-11
b,3.5,5.1978,8.05905,1.71746,1.71746,1.71894,1.51832e-10
b,4,5.19667,9.21034,1.90058,1.90058,1.90217,7.5064e-10
b,4.5,5.19632,10.3616,2.08377,2.08377,2.08541,2.1301e-09
b,5,5.1962,11.5129,2.26699,2.26699,2.26864,6.86156e-09
b,5.5,5.19617,12.6642,2.45022,2.45022,2.45187,2.38514e-08
b,6,5.19616,13.8155,2.63346,2.63346,2.63511,6.76581e-08
b,6.5,5.19615,14.9668,2.81669,2.81669,2.81834,1.56066e-07
b,7,5.19615,16.1181,2.99992,2.99992,3.00158,6.00936e-07
b,7.5,5.19615,17.2694,3.18316,3.18316,3.18481,2.14742e-06
b,8,5.19615,18.4207,3.36639,3.36639,3.36804,5.74686e-06
b,8.5,5.19615,19.572,3.54963,3.54962,3.55128,2.05728e-05
b,9,5.19615,20.7233,3.73287,3.73286,3.73451,6.61427e-05
b,9.5,5.19615,21.8746,3.91612,3.91609,3.91775,0.000152976
b,10,5.19615,23.0259,4.09943,4.09933,4.10098,0.000680912
