formulation,p,precession,exact,weak_field,abs_error
a,7.02,21.3112,21.3112,2.68512,3.7215e-10
a,7.03696,19.0093,19.0093,2.67865,9.65024e-11
a,7.06829,16.708,16.708,2.66678,2.11777e-11
a,7.12619,14.4113,14.4113,2.64511,7.89768e-12
a,7.23318,12.1298,12.1298,2.60598,5.72342e-12
a,7.43089,9.88774,9.88774,2.53665,1.39266e-12
a,7.79621,7.73274,7.73274,2.41778,1.42997e-12
a,8.47128,5.7431,5.7431,2.22511,5.45342e-13
a,9.71871,4.0178,4.0178,1.93951,3.44613e-13
a,12.0238,2.64038,2.64038,1.56769,5.82645e-13
a,16.2832,1.63743,1.63743,1.15761,5.70211e-13
a,24.1539,0.968449,0.968449,0.780393,5.68434e-13
a,38.6979,0.55341,0.55341,0.487096,5.78204e-13
a,65.5729,0.309171,0.309171,0.28746,5.22249e-13
a,115.234,0.170356,0.170356,0.163576,4.8761e-13
a,207,0.0931189,0.0931189,0.0910607,4.92051e-13
b,7.02,21.3112,21.3112,2.68512,1.49072e-08
b,7.03696,19.0093,19.0093,2.67865,3.38959e-09
b,7.06829,16.708,16.708,2.66678,4.50019e-10
b,7.12619,14.4113,14.4113,2.64511,1.9314e-10
b,7.23318,12.1298,12.1298,2.60598,4.65441e-11
b,7.43089,9.88774,9.88774,2.53665,1.15321e-11
b,7.79621,7.73274,7.73274,2.41778,3.12994e-12
b,8.47128,5.7431,5.7431,2.22511,1.64135e-12
b,9.71871,4.0178,4.0178,1.93951,4.12115e-13
b,12.0238,2.64038,2.64038,1.56769,3.39284e-13
b,16.2832,1.63743,1.63743,1.15761,3.3662e-13
b,24.1539,0.968449,0.968449,0.780393,4.76064e-13
b,38.6979,0.55341,0.55341,0.487096,1.79412e-13
b,65.5729,0.309171,0.309171,0.28746,1.39444e-13
b,115.234,0.170356,0.170356,0.163576,2.37144e-13
b,207,0.0931189,0.0931189,0.0910607,1.29674e-13
