case,method,opt_n_steps,h,opt_omega,omega_h,error,nfev,status
TC4-p20-e0.5-n_orbits3,Tao2,1200,2.32637,4.29855e-07,1e-06,0.000855471,3631,completed
TC4-p20-e0.5-n_orbits3,Tao2,1200,2.32637,8.74492e-07,2.03439e-06,0.00129992,3635,completed
TC4-p20-e0.5-n_orbits3,Tao2,1200,2.32637,1.77906e-06,4.13875e-06,0.00698795,3655,completed
TC4-p20-e0.5-n_orbits3,Tao2,1200,2.32637,3.6193e-06,8.41982e-06,0.0147145,3659,completed
TC4-p20-e0.5-n_orbits3,Tao2,1200,2.32637,7.36307e-06,1.71292e-05,0.0101442,3663,completed
TC4-p20-e0.5-n_orbits3,Tao2,1200,2.32637,1.49794e-05,3.48475e-05,0.00323182,3643,completed
TC4-p20-e0.5-n_orbits3,Tao2,1200,2.32637,3.04739e-05,7.08934e-05,0.00310887,3647,completed
TC4-p20-e0.5-n_orbits3,Tao2,1200,2.32637,6.19958e-05,0.000144225,0.003696,3643,completed
TC4-p20-e0.5-n_orbits3,Tao2,1200,2.32637,0.000126124,0.00029341,0.00362416,3643,completed
TC4-p20-e0.5-n_orbits3,Tao2,1200,2.32637,0.000256585,0.00059691,0.00347287,3643,completed
TC4-p20-e0.5-n_orbits3,Tao2,1200,2.32637,0.000521993,0.00121435,0.00358599,3643,completed
TC4-p20-e0.5-n_orbits3,Tao2,1200,2.32637,0.00106194,0.00247046,0.00366564,3647,completed
TC4-p20-e0.5-n_orbits3,Tao2,1200,2.32637,0.0021604,0.00502588,0.00380857,3643,completed
TC4-p20-e0.5-n_orbits3,Tao2,1200,2.32637,0.00439509,0.0102246,0.00386447,3643,completed
TC4-p20-e0.5-n_orbits3,Tao2,1200,2.32637,0.00894134,0.0208008,0.00384921,3647,completed
TC4-p20-e0.5-n_orbits3,Tao2,1200,2.32637,0.0181902,0.042317,0.00389665,3675,completed
TC4-p20-e0.5-n_orbits3,Tao2,1200,2.32637,0.0370059,0.0860894,0.00386937,3703,completed
TC4-p20-e0.5-n_orbits3,Tao2,1200,2.32637,0.0752845,0.175139,0.00379893,3663,completed
TC4-p20-e0.5-n_orbits3,Tao2,1200,2.32637,0.153158,0.356302,0.00371958,3736,completed
TC4-p20-e0.5-n_orbits3,Tao2,1200,2.32637,0.311583,0.724857,0.00142575,4392,completed
TC4-p20-e0.5-n_orbits3,Tao2,1200,2.32637,0.633882,1.47464,inf,199,captured
TC4-p20-e0.5-n_orbits3,Tao2,1200,2.32637,1.28956,3,inf,93,captured
TC4-p20-e0.5-n_orbits3,Tao4,1200,2.32637,4.29855e-07,1e-06,2.08526e-05,10903,completed
TC4-p20-e0.5-n_orbits3,Tao4,1200,2.32637,8.74492e-07,2.03439e-06,2.34189e-05,10893,completed
TC4-p20-e0.5-n_orbits3,Tao4,1200,2.32637,1.77906e-06,4.13875e-06,2.9718e-05,10903,completed
TC4-p20-e0.5-n_orbits3,Tao4,1200,2.32637,3.6193e-06,8.41982e-06,3.66619e-05,10903,completed
TC4-p20-e0.5-n_orbits3,Tao4,1200,2.32637,7.36307e-06,1.71292e-05,2.86477e-05,10903,completed
TC4-p20-e0.5-n_orbits3,Tao4,1200,2.32637,1.49794e-05,3.48475e-05,2.51248e-05,10883,completed
TC4-p20-e0.5-n_orbits3,Tao4,1200,2.32637,3.04739e-05,7.08934e-05,2.67805e-05,10913,completed
TC4-p20-e0.5-n_orbits3,Tao4,1200,2.32637,6.19958e-05,0.000144225,2.83363e-05,10923,completed
TC4-p20-e0.5-n_orbits3,Tao4,1200,2.32637,0.000126124,0.00029341,3.36364e-05,10893,completed
TC4-p20-e0.5-n_orbits3,Tao4,1200,2.32637,0.000256585,0.00059691,4.24859e-05,10903,completed
TC4-p20-e0.5-n_orbits3,Tao4,1200,2.32637,0.000521993,0.00121435,6.16522e-05,10883,completed
TC4-p20-e0.5-n_orbits3,Tao4,1200,2.32637,0.00106194,0.00247046,0.000100882,10963,completed
TC4-p20-e0.5-n_orbits3,Tao4,1200,2.32637,0.0021604,0.00502588,0.000182498,10963,completed
TC4-p20-e0.5-n_orbits3,Tao4,1200,2.32637,0.00439509,0.0102246,0.000349939,10953,completed
TC4-p20-e0.5-n_orbits3,Tao4,1200,2.32637,0.00894134,0.0208008,0.000703899,10973,completed
TC4-p20-e0.5-n_orbits3,Tao4,1200,2.32637,0.0181902,0.042317,0.00145185,10983,completed
TC4-p20-e0.5-n_orbits3,Tao4,1200,2.32637,0.0370059,0.0860894,0.00314876,11053,completed
TC4-p20-e0.5-n_orbits3,Tao4,1200,2.32637,0.0752845,0.175139,0.00729334,11133,completed
TC4-p20-e0.5-n_orbits3,Tao4,1200,2.32637,0.153158,0.356302,0.0176209,11153,completed
TC4-p20-e0.5-n_orbits3,Tao4,1200,2.32637,0.311583,0.724857,0.0175032,11476,completed
TC4-p20-e0.5-n_orbits3,Tao4,1200,2.32637,0.633882,1.47464,inf,1014,captured
TC4-p20-e0.5-n_orbits3,Tao4,1200,2.32637,1.28956,3,inf,4512,failed: non-finite state
TC4-p20-e0.5-n_orbits3,Tao2,4800,0.581592,1.71942e-06,1e-06,0.000413277,14439,completed
TC4-p20-e0.5-n_orbits3,Tao2,4800,0.581592,3.49797e-06,2.03439e-06,0.00090386,14447,completed
TC4-p20-e0.5-n_orbits3,Tao2,4800,0.581592,7.11623e-06,4.13875e-06,0.000671584,14447,completed
TC4-p20-e0.5-n_orbits3,Tao2,4800,0.581592,1.44772e-05,8.41982e-06,0.000197676,14427,completed
TC4-p20-e0.5-n_orbits3,Tao2,4800,0.581592,2.94523e-05,1.71292e-05,0.000186219,14427,completed
TC4-p20-e0.5-n_orbits3,Tao2,4800,0.581592,5.99174e-05,3.48475e-05,0.000231763,14427,completed
TC4-p20-e0.5-n_orbits3,Tao2,4800,0.581592,0.000121895,7.08934e-05,0.000220839,14427,completed
TC4-p20-e0.5-n_orbits3,Tao2,4800,0.581592,0.000247983,0.000144225,0.000209308,14427,completed
TC4-p20-e0.5-n_orbits3,Tao2,4800,0.581592,0.000504494,0.00029341,0.000220787,14427,completed
TC4-p20-e0.5-n_orbits3,Tao2,4800,0.581592,0.00102634,0.00059691,0.000241889,14431,completed
TC4-p20-e0.5-n_orbits3,Tao2,4800,0.581592,0.00208797,0.00121435,0.000239057,14431,completed
TC4-p20-e0.5-n_orbits3,Tao2,4800,0.581592,0.00424775,0.00247046,0.00024512,14443,completed
TC4-p20-e0.5-n_orbits3,Tao2,4800,0.581592,0.00864159,0.00502588,0.000244206,14431,completed
TC4-p20-e0.5-n_orbits3,Tao2,4800,0.581592,0.0175804,0.0102246,0.000244448,14455,completed
TC4-p20-e0.5-n_orbits3,Tao2,4800,0.581592,0.0357653,0.0208008,0.000244007,14459,completed
TC4-p20-e0.5-n_orbits3,Tao2,4800,0.581592,0.0727607,0.042317,0.00024336,14463,completed
TC4-p20-e0.5-n_orbits3,Tao2,4800,0.581592,0.148024,0.0860894,0.000242903,14475,completed
TC4-p20-e0.5-n_orbits3,Tao2,4800,0.581592,0.301138,0.175139,0.000241893,14451,completed
TC4-p20-e0.5-n_orbits3,Tao2,4800,0.581592,0.612632,0.356302,0.000241841,14451,completed
TC4-p20-e0.5-n_orbits3,Tao2,4800,0.581592,1.24633,0.724857,0.000241303,14467,completed
TC4-p20-e0.5-n_orbits3,Tao2,4800,0.581592,2.53553,1.47464,inf,955,captured
TC4-p20-e0.5-n_orbits3,Tao2,4800,0.581592,5.15826,3,inf,210,captured
TC4-p20-e0.5-n_orbits3,Tao4,4800,0.581592,1.71942e-06,1e-06,1.14309e-07,43293,completed
TC4-p20-e0.5-n_orbits3,Tao4,4800,0.581592,3.49797e-06,2.03439e-06,1.42415e-07,43323,completed
TC4-p20-e0.5-n_orbits3,Tao4,4800,0.581592,7.11623e-06,4.13875e-06,1.14481e-07,43283,completed
TC4-p20-e0.5-n_orbits3,Tao4,4800,0.581592,1.44772e-05,8.41982e-06,9.68993e-08,43293,completed
TC4-p20-e0.5-n_orbits3,Tao4,4800,0.581592,2.94523e-05,1.71292e-05,1.03565e-07,43303,completed
TC4-p20-e0.5-n_orbits3,Tao4,4800,0.581592,5.99174e-05,3.48475e-05,1.1161e-07,43303,completed
TC4-p20-e0.5-n_orbits3,Tao4,4800,0.581592,0.000121895,7.08934e-05,1.29732e-07,43283,completed
TC4-p20-e0.5-n_orbits3,Tao4,4800,0.581592,0.000247983,0.000144225,1.62051e-07,43293,completed
TC4-p20-e0.5-n_orbits3,Tao4,4800,0.581592,0.000504494,0.00029341,2.34964e-07,43303,completed
TC4-p20-e0.5-n_orbits3,Tao4,4800,0.581592,0.00102634,0.00059691,3.89041e-07,43303,completed
TC4-p20-e0.5-n_orbits3,Tao4,4800,0.581592,0.00208797,0.00121435,6.89849e-07,43293,completed
TC4-p20-e0.5-n_orbits3,Tao4,4800,0.581592,0.00424775,0.00247046,1.3169e-06,43293,completed
TC4-p20-e0.5-n_orbits3,Tao4,4800,0.581592,0.00864159,0.00502588,2.57873e-06,43323,completed
TC4-p20-e0.5-n_orbits3,Tao4,4800,0.581592,0.0175804,0.0102246,5.16497e-06,43313,completed
TC4-p20-e0.5-n_orbits3,Tao4,4800,0.581592,0.0357653,0.0208008,1.04684e-05,43323,completed
TC4-p20-e0.5-n_orbits3,Tao4,4800,0.581592,0.0727607,0.042317,2.14055e-05,43383,completed
TC4-p20-e0.5-n_orbits3,Tao4,4800,0.581592,0.148024,0.0860894,4.44497e-05,43453,completed
TC4-p20-e0.5-n_orbits3,Tao4,4800,0.581592,0.301138,0.175139,9.24046e-05,43423,completed
TC4-p20-e0.5-n_orbits3,Tao4,4800,0.581592,0.612632,0.356302,0.000179143,43493,completed
TC4-p20-e0.5-n_orbits3,Tao4,4800,0.581592,1.24633,0.724857,0.000197899,43543,completed
TC4-p20-e0.5-n_orbits3,Tao4,4800,0.581592,2.53553,1.47464,inf,1104,captured
TC4-p20-e0.5-n_orbits3,Tao4,4800,0.581592,5.15826,3,inf,384,captured
TC1-b6-r_far1000,Tao2,2000,2,5e-07,1e-06,0.00367606,3026,escaped
TC1-b6-r_far1000,Tao2,2000,2,1.0172e-06,2.03439e-06,0.00367646,3018,escaped
TC1-b6-r_far1000,Tao2,2000,2,2.06937e-06,4.13875e-06,0.00367727,3018,escaped
TC1-b6-r_far1000,Tao2,2000,2,4.20991e-06,8.41982e-06,0.00367895,3034,escaped
TC1-b6-r_far1000,Tao2,2000,2,8.56461e-06,1.71292e-05,0.00368244,3030,escaped
TC1-b6-r_far1000,Tao2,2000,2,1.74238e-05,3.48475e-05,0.00368972,3026,escaped
TC1-b6-r_far1000,Tao2,2000,2,3.54467e-05,7.08934e-05,0.00370473,3018,escaped
TC1-b6-r_far1000,Tao2,2000,2,7.21125e-05,0.000144225,0.00373571,3018,escaped
TC1-b6-r_far1000,Tao2,2000,2,0.000146705,0.00029341,0.00379987,3018,escaped
TC1-b6-r_far1000,Tao2,2000,2,0.000298455,0.00059691,0.00393237,3026,escaped
TC1-b6-r_far1000,Tao2,2000,2,0.000607174,0.00121435,0.00420376,3026,escaped
TC1-b6-r_far1000,Tao2,2000,2,0.00123523,0.00247046,0.00474982,3026,escaped
TC1-b6-r_far1000,Tao2,2000,2,0.00251294,0.00502588,0.00581333,3026,escaped
TC1-b6-r_far1000,Tao2,2000,2,0.0051123,0.0102246,0.00777271,3034,escaped
TC1-b6-r_far1000,Tao2,2000,2,0.0104004,0.0208008,0.0110768,3026,escaped
TC1-b6-r_far1000,Tao2,2000,2,0.0211585,0.042317,0.0159374,3038,escaped
TC1-b6-r_far1000,Tao2,2000,2,0.0430447,0.0860894,0.0217816,3026,escaped
TC1-b6-r_far1000,Tao2,2000,2,0.0875697,0.175139,0.0272564,3030,escaped
TC1-b6-r_far1000,Tao2,2000,2,0.178151,0.356302,0.0318683,3034,escaped
TC1-b6-r_far1000,Tao2,2000,2,0.362429,0.724857,0.0361646,3026,escaped
TC1-b6-r_far1000,Tao2,2000,2,0.737322,1.47464,4.84846,157,escaped
TC1-b6-r_far1000,Tao2,2000,2,1.5,3,4.84854,151,escaped
TC1-b6-r_far1000,Tao4,2000,2,5e-07,1e-06,0.00306072,9050,escaped
TC1-b6-r_far1000,Tao4,2000,2,1.0172e-06,2.03439e-06,0.00305681,9080,escaped
TC1-b6-r_far1000,Tao4,2000,2,2.06937e-06,4.13875e-06,0.0030485,9059,escaped
TC1-b6-r_far1000,Tao4,2000,2,4.20991e-06,8.41982e-06,0.00303062,9069,escaped
TC1-b6-r_far1000,Tao4,2000,2,8.56461e-06,1.71292e-05,0.002993,9068,escaped
TC1-b6-r_far1000,Tao4,2000,2,1.74238e-05,3.48475e-05,0.0029247,9078,escaped
TC1-b6-r_far1000,Tao4,2000,2,3.54467e-05,7.08934e-05,0.00283583,9079,escaped
TC1-b6-r_far1000,Tao4,2000,2,7.21125e-05,0.000144225,0.00272506,9098,escaped
TC1-b6-r_far1000,Tao4,2000,2,0.000146705,0.00029341,0.00257214,9068,escaped
TC1-b6-r_far1000,Tao4,2000,2,0.000298455,0.00059691,0.00237051,9088,escaped
TC1-b6-r_far1000,Tao4,2000,2,0.000607174,0.00121435,0.0021132,9068,escaped
TC1-b6-r_far1000,Tao4,2000,2,0.00123523,0.00247046,0.00180133,9088,escaped
TC1-b6-r_far1000,Tao4,2000,2,0.00251294,0.00502588,0.00145917,9068,escaped
TC1-b6-r_far1000,Tao4,2000,2,0.0051123,0.0102246,0.00118864,9068,escaped
TC1-b6-r_far1000,Tao4,2000,2,0.0104004,0.0208008,0.00129512,9068,escaped
TC1-b6-r_far1000,Tao4,2000,2,0.0211585,0.042317,0.00259596,9078,escaped
TC1-b6-r_far1000,Tao4,2000,2,0.0430447,0.0860894,0.00698208,9078,escaped
TC1-b6-r_far1000,Tao4,2000,2,0.0875697,0.175139,0.0188094,9088,escaped
TC1-b6-r_far1000,Tao4,2000,2,0.178151,0.356302,0.0512742,9088,escaped
TC1-b6-r_far1000,Tao4,2000,2,0.362429,0.724857,0.0833029,9088,escaped
TC1-b6-r_far1000,Tao4,2000,2,0.737322,1.47464,4.84874,291,escaped
TC1-b6-r_far1000,Tao4,2000,2,1.5,3,4.84877,254,escaped
TC1-b6-r_far1000,Tao2,8000,0.5,2e-06,1e-06,0.000228483,12036,escaped
TC1-b6-r_far1000,Tao2,8000,0.5,4.06878e-06,2.03439e-06,0.000228586,12036,escaped
TC1-b6-r_far1000,Tao2,8000,0.5,8.27749e-06,4.13875e-06,0.000228799,12036,escaped
TC1-b6-r_far1000,Tao2,8000,0.5,1.68396e-05,8.41982e-06,0.000229244,12036,escaped
TC1-b6-r_far1000,Tao2,8000,0.5,3.42584e-05,1.71292e-05,0.00023016,12036,escaped
TC1-b6-r_far1000,Tao2,8000,0.5,6.9695e-05,3.48475e-05,0.000232047,12036,escaped
TC1-b6-r_far1000,Tao2,8000,0.5,0.000141787,7.08934e-05,0.00023595,12036,escaped
TC1-b6-r_far1000,Tao2,8000,0.5,0.00028845,0.000144225,0.000243997,12036,escaped
TC1-b6-r_far1000,Tao2,8000,0.5,0.00058682,0.00029341,0.000260454,12036,escaped
TC1-b6-r_far1000,Tao2,8000,0.5,0.00119382,0.00059691,0.000293518,12036,escaped
TC1-b6-r_far1000,Tao2,8000,0.5,0.0024287,0.00121435,0.000357833,12036,escaped
TC1-b6-r_far1000,Tao2,8000,0.5,0.00494092,0.00247046,0.000476153,12044,escaped
TC1-b6-r_far1000,Tao2,8000,0.5,0.0100518,0.00502588,0.000675229,12044,escaped
TC1-b6-r_far1000,Tao2,8000,0.5,0.0204492,0.0102246,0.000966757,12044,escaped
TC1-b6-r_far1000,Tao2,8000,0.5,0.0416017,0.0208008,0.00131376,12044,escaped
TC1-b6-r_far1000,Tao2,8000,0.5,0.0846341,0.042317,0.00163195,12072,escaped
TC1-b6-r_far1000,Tao2,8000,0.5,0.172179,0.0860894,0.00189319,12048,escaped
TC1-b6-r_far1000,Tao2,8000,0.5,0.350279,0.175139,0.00211288,12044,escaped
TC1-b6-r_far1000,Tao2,8000,0.5,0.712604,0.356302,0.00225539,12044,escaped
TC1-b6-r_far1000,Tao2,8000,0.5,1.44971,0.724857,0.00234632,12052,escaped
TC1-b6-r_far1000,Tao2,8000,0.5,2.94929,1.47464,4.84865,351,escaped
TC1-b6-r_far1000,Tao2,8000,0.5,6,3,4.84865,353,escaped
TC1-b6-r_far1000,Tao4,8000,0.5,2e-06,1e-06,8.73775e-06,36132,escaped
TC1-b6-r_far1000,Tao4,8000,0.5,4.06878e-06,2.03439e-06,8.69476e-06,36152,escaped
TC1-b6-r_far1000,Tao4,8000,0.5,8.27749e-06,4.13875e-06,8.60392e-06,36122,escaped
TC1-b6-r_far1000,Tao4,8000,0.5,1.68396e-05,8.41982e-06,8.43692e-06,36102,escaped
TC1-b6-r_far1000,Tao4,8000,0.5,3.42584e-05,1.71292e-05,8.21686e-06,36132,escaped
TC1-b6-r_far1000,Tao4,8000,0.5,6.9695e-05,3.48475e-05,7.94959e-06,36132,escaped
TC1-b6-r_far1000,Tao4,8000,0.5,0.000141787,7.08934e-05,7.5803e-06,36102,escaped
TC1-b6-r_far1000,Tao4,8000,0.5,0.00028845,0.000144225,7.10378e-06,36102,escaped
TC1-b6-r_far1000,Tao4,8000,0.5,0.00058682,0.00029341,6.51003e-06,36102,escaped
TC1-b6-r_far1000,Tao4,8000,0.5,0.00119382,0.00059691,5.83155e-06,36122,escaped
TC1-b6-r_far1000,Tao4,8000,0.5,0.0024287,0.00121435,5.18142e-06,36102,escaped
TC1-b6-r_far1000,Tao4,8000,0.5,0.00494092,0.00247046,4.95953e-06,36102,escaped
TC1-b6-r_far1000,Tao4,8000,0.5,0.0100518,0.00502588,6.31637e-06,36142,escaped
TC1-b6-r_far1000,Tao4,8000,0.5,0.0204492,0.0102246,1.23191e-05,36102,escaped
TC1-b6-r_far1000,Tao4,8000,0.5,0.0416017,0.0208008,3.00937e-05,36102,escaped
TC1-b6-r_far1000,Tao4,8000,0.5,0.0846341,0.042317,7.50309e-05,36132,escaped
TC1-b6-r_far1000,Tao4,8000,0.5,0.172179,0.0860894,0.000189832,36142,escaped
TC1-b6-r_far1000,Tao4,8000,0.5,0.350279,0.175139,0.00051519,36122,escaped
TC1-b6-r_far1000,Tao4,8000,0.5,0.712604,0.356302,0.00140858,36122,escaped
TC1-b6-r_far1000,Tao4,8000,0.5,1.44971,0.724857,0.00256173,36152,escaped
TC1-b6-r_far1000,Tao4,8000,0.5,2.94929,1.47464,4.84876,711,escaped
TC1-b6-r_far1000,Tao4,8000,0.5,6,3,4.8488,631,escaped
