method,formulation,inclination,status,orbits,dL2_max,dL2_exponent,dL2_growth,tilt_end,tilt_exponent,node_drift_per_orbit,incl_change
RK4,a,30,completed,1000,1.07207e-07,0.946502,linear,2.98929e-06,1,5.97329e-09,1.25657e-07
RK4,b,30,completed,1000,1.23943e-07,1.00279,linear,3.82014e-06,0.999992,7.6373e-09,1.06619e-07
DOP853,a,30,completed,999.956,8.42827e-09,1.23294,linear,1.68272e-07,1.00366,2.9281e-10,8.29635e-08
DOP853,b,30,completed,999.981,1.13972e-09,0.460784,random walk,7.9688e-08,0.970523,1.59376e-10,4.80393e-10
GL2,a,30,completed,1000,4.59634e-10,0.000753682,bounded,9.84163e-07,0.999998,1.96833e-09,2.36935e-10
GL2,b,30,completed,1000,4.25309e-10,-0.000353752,bounded,1.06149e-06,1,2.12298e-09,1.99589e-11
GL3,a,30,completed,1000,1.23479e-14,0.0956243,bounded,1.66133e-11,0.999949,3.32265e-14,1.77636e-15
GL3,b,30,completed,1000,1.35381e-14,0.0704583,bounded,1.80243e-11,1.00038,3.60486e-14,5.77316e-15
Tao4,b,30,completed,1000,6.74557e-08,-0.0434576,bounded,0.000111169,0.999998,2.22338e-07,1.84376e-08
RK4,a,60,completed,1000,3.14256e-06,1.00178,linear,1.90508e-06,1.00775,1.49552e-09,1.3971e-06
RK4,b,60,completed,1000,7.85053e-06,1.00112,linear,3.35257e-05,0.999983,3.86235e-08,2.26837e-06
DOP853,a,60,completed,999.978,1.78757e-07,1.02543,linear,2.70465e-07,0.993414,1.23117e-10,2.48562e-07
DOP853,b,60,completed,999.975,7.67878e-08,0.993817,linear,4.80948e-08,1.00753,4.92871e-11,2.2165e-08
GL2,a,60,completed,1000,1.22337e-08,0.0055036,bounded,6.2076e-06,0.99999,7.16792e-09,1.10681e-09
GL2,b,60,completed,1000,2.27342e-08,0.000735293,bounded,1.54138e-05,1,1.77983e-08,6.17508e-10
GL3,a,60,completed,1000,1.46895e-12,-0.0263469,bounded,2.04073e-10,0.99999,2.35643e-13,3.28626e-14
GL3,b,60,completed,1000,1.74299e-12,0.00795631,bounded,1.45985e-09,1.00001,1.68569e-12,9.76996e-15
Tao4,b,60,captured,40.931,0.67899,,n/a,1.23452,,0.0451367,0.557536
RK4,a,85,completed,1000,0.01505,0.971401,linear,0.0227709,0.968975,2.28248e-05,0.00124834
RK4,b,85,completed,1000,0.0837314,1.03455,linear,0.0303251,1.07362,3.01919e-05,0.00391078
DOP853,a,85,completed,999.971,2.33384e-06,1.01112,linear,1.25746e-06,0.982847,1.17885e-09,4.49614e-07
DOP853,b,85,completed,999.964,8.44889e-08,0.988035,linear,4.47799e-07,0.999287,4.4951e-10,3.68653e-09
GL2,a,85,completed,1000,3.11599e-05,0.0412107,bounded,0.000167095,1.00045,1.67733e-07,5.57208e-09
GL2,b,85,completed,1000,3.22182e-05,0.0324873,bounded,0.0200459,1.00001,2.01225e-05,7.09134e-09
GL3,a,85,completed,1000,1.07467e-07,0.00198761,bounded,7.66158e-07,1.00027,7.69084e-10,1.9601e-11
GL3,b,85,completed,1000,1.09853e-07,0.00904075,bounded,7.25052e-05,1.00001,7.27822e-08,4.68805e-11
Tao4,b,85,captured,2.94777,0.301058,,n/a,0.455152,,0.154901,0.0100471
