method,opt_compensated,steps_per_orbit,orbits,exit
RK4,True,249.996,2.78873,left_inward
RK4,True,499.992,3.23184,left_inward
RK4,True,1000,3.67409,left_inward
RK4,True,2000,4.11585,left_inward
RK4,True,4000.01,4.55741,left_inward
RK4,True,8000,4.99996,left_inward
RK4,True,16000,5.46092,left_inward
RK4,False,249.996,2.78873,left_inward
RK4,False,499.992,3.23184,left_inward
RK4,False,1000,3.67408,left_inward
RK4,False,2000,4.11673,left_inward
RK4,False,4000.01,4.58461,left_inward
RK4,False,8000,14.5493,left_inward
RK4,False,16000,9.54251,left_inward
GL3,True,249.996,4.65598,left_inward
GL3,True,499.992,5.33429,left_inward
GL3,True,1000,6.11033,left_outward
GL3,True,2000,5.95689,left_outward
GL3,True,4000.01,5.95913,left_outward
GL3,True,8000,5.99009,left_outward
GL3,True,16000,5.92885,left_outward
GL3,False,249.996,4.65542,left_inward
GL3,False,499.992,9.98298,left_inward
GL3,False,1000,6.90978,left_outward
GL3,False,2000,7.15852,left_inward
GL3,False,4000.01,7.7695,left_outward
GL3,False,8000,9.09965,left_inward
GL3,False,16000,11.6336,left_inward
