formulation,method,opt_n_steps,opt_rtol,error,dH_max,nfev,n_steps,n_rejected,n_iter,status
a,RK4,30000,,inf,,19564,4026,0,0,captured
a,RK4,55000,,718.503,0.000846624,239568,55000,0,0,completed
a,RK4,102000,,34.714,1.30579e-05,428344,102000,0,0,completed
a,RK4,188000,,2.84622,4.58712e-07,767928,188000,0,0,completed
a,RK4,346000,,0.270784,2.09691e-08,1399656,346000,0,0,completed
a,RK4,639000,,0.0124951,1.08856e-09,2571104,639000,0,0,completed
a,RK4,1.177e+06,,0.000570574,6.25502e-11,4721120,1177000,0,0,completed
a,RK4,2.17e+06,,2.51078e-05,3.98948e-12,8691912,2170000,0,0,completed
a,RK4,4e+06,,1.03386e-06,2.20934e-13,16010400,4000000,0,0,completed
b,RK4,30000,,2362.93,0.00971795,149012,30000,0,0,completed
b,RK4,55000,,403.813,0.00242227,242532,55000,0,0,completed
b,RK4,102000,,21.454,0.000144467,426628,102000,0,0,completed
b,RK4,188000,,2.30053,6.94584e-06,767900,188000,0,0,completed
b,RK4,346000,,0.171193,3.29832e-07,1399860,346000,0,0,completed
b,RK4,639000,,0.00799536,1.53768e-08,2571232,639000,0,0,completed
b,RK4,1.177e+06,,0.000377539,7.26499e-10,4720388,1177000,0,0,completed
b,RK4,2.17e+06,,1.7755e-05,3.42057e-11,8691172,2170000,0,0,completed
b,RK4,4e+06,,8.36975e-07,1.6156e-12,16011148,4000000,0,0,completed
a,DP5,,0.0001,4430.58,0.0330326,70002,7685,2230,0,completed
a,DP5,,1e-05,863.241,0.00214042,158160,17044,5554,0,completed
a,DP5,,1e-06,67.8827,0.000295911,248129,27755,9627,0,completed
a,DP5,,1e-07,9.1664,3.87566e-05,335418,42800,9566,0,completed
a,DP5,,1e-08,2.62293,4.58591e-06,448412,66420,4915,0,completed
a,DP5,,1e-09,0.414385,2.8448e-07,659658,104803,1773,0,completed
a,DP5,,1e-10,0.0395101,2.1609e-08,1022711,166148,971,0,completed
a,DP5,,1e-11,0.00386764,1.91102e-09,1600605,263413,0,0,completed
a,DP5,,1e-12,0.00038459,1.81405e-10,2525945,417693,0,0,completed
a,DP5,,1e-13,3.8359e-05,1.78066e-11,3992645,662168,0,0,completed
b,DP5,,0.0001,119.803,0.00063788,110012,9755,4235,0,completed
b,DP5,,1e-05,34.4817,0.000166755,142825,13940,4933,0,completed
b,DP5,,1e-06,2.70284,9.5899e-06,194480,20908,7480,0,completed
b,DP5,,1e-07,0.652583,1.29041e-06,264743,31361,9060,0,completed
b,DP5,,1e-08,0.33594,6.51452e-07,370880,47907,10486,0,completed
b,DP5,,1e-09,0.0419866,8.08551e-08,516565,74010,8703,0,completed
b,DP5,,1e-10,0.00434005,8.35276e-09,741158,115847,4329,0,completed
b,DP5,,1e-11,0.000483818,9.31135e-10,1130364,183019,1993,0,completed
b,DP5,,1e-12,5.01425e-05,9.64959e-11,1758937,289844,1,0,completed
b,DP5,,1e-13,5.17262e-06,9.95626e-12,2776815,459548,0,0,completed
a,DOP853,,0.0001,555.718,0.000792585,218374,9596,3307,0,completed
a,DOP853,,1e-05,14.322,8.04677e-05,244661,11202,4162,0,completed
a,DOP853,,1e-06,3.85866,5.7243e-06,292826,14496,5000,0,completed
a,DOP853,,1e-07,2.57928,4.20603e-06,358936,18997,6087,0,completed
a,DOP853,,1e-08,0.624255,6.15179e-07,479845,25000,9750,0,completed
a,DOP853,,1e-09,0.0648298,6.23868e-08,548638,32792,8304,0,completed
a,DOP853,,1e-10,0.00950873,9.36727e-09,651428,43000,7287,0,completed
a,DOP853,,1e-11,0.000465944,4.09379e-10,832305,56996,8530,0,completed
a,DOP853,,1e-12,5.68413e-05,5.21613e-11,1031806,75254,6832,0,completed
a,DOP853,,1e-13,5.65637e-06,5.32507e-12,1353957,99994,8981,0,completed
b,DOP853,,0.0001,445.755,0.00403807,184266,7264,2837,0,completed
b,DOP853,,1e-05,65.3436,0.000435069,215964,9442,3504,0,completed
b,DOP853,,1e-06,3.26975,1.70294e-05,249150,11668,4335,0,completed
b,DOP853,,1e-07,1.43639,3.34879e-06,307517,13993,6895,0,completed
b,DOP853,,1e-08,2.21966,6.30713e-06,335914,17483,5732,0,completed
b,DOP853,,1e-09,0.27918,5.41286e-07,404070,22003,6998,0,completed
b,DOP853,,1e-10,0.0126753,2.45742e-08,514419,28499,9486,0,completed
b,DOP853,,1e-11,0.0011825,2.35248e-09,593527,36326,8970,0,completed
b,DOP853,,1e-12,0.000117092,2.24515e-10,697643,47004,7192,0,completed
b,DOP853,,1e-13,4.80794e-06,9.43279e-12,894269,61669,8984,0,completed
a,GL1,30000,,585.379,0.000469927,837260,30000,0,692088,completed
a,GL1,55000,,173.761,0.00013425,1056002,55000,0,950766,completed
a,GL1,102000,,51.0969,3.85248e-05,1464208,102000,0,1386784,completed
a,GL1,188000,,13.5368,1.12965e-05,2183889,188000,0,2119732,completed
a,GL1,346000,,4.21088,3.33128e-06,3403755,346000,0,3349545,completed
a,GL1,639000,,2.51512,9.7637e-07,5465528,639000,0,5418278,completed
a,GL1,1.177e+06,,1.10196,2.87753e-07,8966545,1177000,0,8925807,completed
a,GL1,2.17e+06,,0.349518,8.46527e-08,14850651,2170000,0,14813765,completed
a,GL1,4e+06,,0.103632,2.49135e-08,25221347,4000000,0,25188375,completed
b,GL1,30000,,168.962,0.000395942,665521,30000,0,516776,completed
b,GL1,55000,,55.0044,0.000127272,823631,55000,0,731391,completed
b,GL1,102000,,15.1271,3.7923e-05,1194192,102000,0,1125597,completed
b,GL1,188000,,5.69495,1.12441e-05,1813368,188000,0,1758632,completed
b,GL1,346000,,2.46915,3.3267e-06,2929285,346000,0,2885588,completed
b,GL1,639000,,0.834335,9.75976e-07,4800093,639000,0,4763421,completed
b,GL1,1.177e+06,,0.250402,2.87719e-07,7863854,1177000,0,7832246,completed
b,GL1,2.17e+06,,0.073792,8.46497e-08,13742006,2170000,0,13712915,completed
b,GL1,4e+06,,0.021721,2.49131e-08,22890592,4000000,0,22864580,completed
a,GL2,30000,,6.33872,9.94838e-06,1251670,30000,0,522848,completed
a,GL2,55000,,1.46495,5.64649e-07,1658650,55000,0,748955,completed
a,GL2,102000,,0.140021,4.66838e-08,2354362,102000,0,1129244,completed
a,GL2,188000,,0.0120976,4.02207e-09,3559868,188000,0,1748233,completed
a,GL2,346000,,0.00105322,3.49998e-10,5591398,346000,0,2772290,completed
a,GL2,639000,,9.05047e-05,3.00722e-11,9032750,639000,0,4500036,completed
a,GL2,1.177e+06,,7.86208e-06,2.61269e-12,14759236,1177000,0,7364994,completed
a,GL2,2.17e+06,,6.80444e-07,2.26597e-13,24364772,2170000,0,12169520,completed
a,GL2,4e+06,,5.88707e-08,2.0095e-14,40890868,4000000,0,20434354,completed
b,GL2,30000,,0.832078,1.12714e-05,1006512,30000,0,394786,completed
b,GL2,55000,,0.528208,5.62192e-07,1356186,55000,0,591374,completed
b,GL2,102000,,0.0442359,4.66313e-08,1962952,102000,0,911773,completed
b,GL2,188000,,0.00381131,4.02075e-09,3050544,188000,0,1471755,completed
b,GL2,346000,,0.000331653,3.49965e-10,4837358,346000,0,2377911,completed
b,GL2,639000,,2.84954e-05,3.00713e-11,7661064,639000,0,3796487,completed
b,GL2,1.177e+06,,2.47523e-06,2.61258e-12,12975024,1177000,0,6460657,completed
b,GL2,2.17e+06,,2.14239e-07,2.26485e-13,22055512,2170000,0,11001024,completed
b,GL2,4e+06,,1.85555e-08,1.9984e-14,36408554,4000000,0,18184046,completed
a,GL3,30000,,0.00915006,1.41328e-07,1597566,30000,0,459822,completed
a,GL3,55000,,0.00146354,1.83007e-09,2210646,55000,0,660190,completed
a,GL3,102000,,2.78608e-05,4.71612e-11,3123624,102000,0,993723,completed
a,GL3,188000,,6.58522e-07,1.17306e-12,4793295,188000,0,1556953,completed
a,GL3,346000,,1.66037e-08,3.01981e-14,7631361,346000,0,2508496,completed
a,GL3,639000,,4.311e-10,1.33227e-15,12371961,639000,0,4091720,completed
a,GL3,1.177e+06,,1.28239e-10,7.77156e-16,20203932,1177000,0,6725593,completed
a,GL3,2.17e+06,,6.27551e-11,5.55112e-16,31837860,2170000,0,10587256,completed
a,GL3,4e+06,,2.72848e-12,5.55112e-16,51639705,4000000,0,17204968,completed
b,GL3,30000,,0.952118,3.9147e-06,1246200,30000,0,346095,completed
b,GL3,55000,,0.000908595,1.83602e-09,1634589,55000,0,520104,completed
b,GL3,102000,,1.85785e-05,4.71756e-11,2457666,102000,0,802897,completed
b,GL3,188000,,4.50304e-07,1.17317e-12,3891759,188000,0,1283707,completed
b,GL3,346000,,1.14624e-08,3.03091e-14,6113616,346000,0,2029823,completed
b,GL3,639000,,2.90129e-10,1.11022e-15,9899586,639000,0,3291930,completed
b,GL3,1.177e+06,,3.63798e-12,4.44089e-16,16328265,1177000,0,5429568,completed
b,GL3,2.17e+06,,5.72982e-11,4.44089e-16,27621870,2170000,0,9184014,completed
b,GL3,4e+06,,4.45652e-11,4.44089e-16,44334147,4000000,0,14759409,completed
b,Tao2,30000,,111.865,0.0100663,146532,30000,0,0,completed
b,Tao2,55000,,37.208,0.000966237,196451,55000,0,0,completed
b,Tao2,102000,,10.7888,0.000262236,331988,102000,0,0,completed
b,Tao2,188000,,4.37171,7.59063e-05,589048,188000,0,0,completed
b,Tao2,346000,,1.59857,2.23225e-05,1060908,346000,0,0,completed
b,Tao2,639000,,0.488082,6.54033e-06,1939420,639000,0,0,completed
b,Tao2,1.177e+06,,0.144424,1.92706e-06,3553280,1177000,0,0,completed
b,Tao2,2.17e+06,,0.0424958,5.6673e-07,6532008,2170000,0,0,completed
b,Tao2,4e+06,,0.0125064,1.64826e-07,12021740,4000000,0,0,completed
b,Tao4,30000,,inf,,587,27,0,0,captured
b,Tao4,55000,,50.7306,0.000907723,568344,55000,0,0,completed
b,Tao4,102000,,4.6387,5.99706e-05,975421,102000,0,0,completed
b,Tao4,188000,,0.661715,4.91712e-06,1738041,188000,0,0,completed
b,Tao4,346000,,0.0578789,4.23065e-07,3159100,346000,0,0,completed
b,Tao4,639000,,0.00495891,3.62278e-08,5796290,639000,0,0,completed
b,Tao4,1.177e+06,,0.000430379,3.14183e-09,10626890,1177000,0,0,completed
b,Tao4,2.17e+06,,3.72384e-05,2.72105e-10,19563360,2170000,0,0,completed
b,Tao4,4e+06,,3.22522e-06,2.11968e-11,36033150,4000000,0,0,completed
