case,formulation,method,theory,measured,fit_se,points
deflection,a,GL1,2,2,8.6453e-07,3
deflection,a,GL2,4,4.00001,8.37088e-06,7
deflection,a,GL3,6,6.00476,0.00178277,4
deflection,a,RK4,4,4.08223,0.018854,6
deflection,b,GL1,2,2,5.63993e-07,6
deflection,b,GL2,4,3.98399,0.00601554,7
deflection,b,GL3,6,6.05871,0.0445754,5
deflection,b,RK4,4,3.96288,0.00848783,7
deflection,b,Tao2,2,2,7.17819e-07,7
deflection,b,Tao4,4,4.0058,0.00211541,7
orbit,a,GL1,2,2,2.45346e-07,4
orbit,a,GL2,4,3.97664,0.0116755,7
orbit,a,GL3,6,5.9733,0.00801509,5
orbit,a,RK4,4,3.97729,0.00817877,7
orbit,b,GL1,2,2,1.00249e-06,6
orbit,b,GL2,4,3.99744,0.00195519,6
orbit,b,GL3,6,6.04747,0.00779415,4
orbit,b,RK4,4,4.01045,0.00117942,6
orbit,b,Tao2,2,2,7.39084e-07,7
orbit,b,Tao4,4,3.99542,0.00200991,7
