method,formulation,status,nfev_per_orbit,dH_first_orbit,dH_last_orbit,dH_exponent,dH_growth,phase_err_end,phase_exponent,phase_growth,phase_c1,phase_c2,phase_crossover,dE_max,dLz_max,dE_exponent,dLz_exponent
RK4,a,completed,4015.4,3.63469e-11,8.73028e-10,0.890801,linear,0.000888727,2.00229,quadratic,6.72363e-11,-8.89577e-12,7.55824,1.38002e-08,6.20347e-08,1.00022,1.00008
RK4,b,completed,4015.1,5.66658e-12,1.63672e-08,0.999281,linear,6.39906e-05,2.04171,quadratic,3.24409e-09,-9.64315e-13,3364.14,0,0,,
DP5,a,completed,1021.69,2.12973e-11,2.16033e-07,0.999854,linear,0.0116513,2.014,quadratic,-7.1342e-09,1.16418e-10,61.2808,2.75618e-07,6.3462e-08,0.999204,1.28899
DP5,b,completed,741.153,5.61062e-12,8.36359e-08,1.00046,linear,0.000497879,1.97079,quadratic,-4.94704e-10,-4.92928e-12,100.36,0,0,,
DOP853,a,completed,651.117,5.28566e-12,9.40931e-08,1.00154,linear,0.00481683,1.99946,quadratic,-8.3969e-11,-4.81672e-11,1.74328,4.5251e-08,3.17367e-07,1.0014,1.00071
DOP853,b,completed,514.482,2.52816e-11,2.47306e-07,1.00201,linear,0.00146041,1.99552,quadratic,2.37339e-10,1.45828e-11,16.2753,0,0,,
GL1,a,completed,7878.71,3.98635e-07,3.98639e-07,-1.37326e-07,bounded,0.449033,0.999999,linear,-4.49084e-05,8.82156e-14,5.09075e+08,4.92502e-07,7.48595e-06,5.93582e-09,1.27785e-08
GL1,b,completed,6828.06,3.9857e-07,3.9857e-07,-1.02475e-06,bounded,0.931908,1,linear,9.31903e-05,7.50839e-14,1.24115e+09,0,0,,
GL2,a,completed,12951.6,5.01343e-12,5.01377e-12,3.35849e-05,bounded,7.48203e-06,0.999988,linear,-7.48294e-10,2.17509e-18,3.44029e+08,4.53971e-12,4.47657e-11,-7.51174e-05,4.63087e-05
GL2,b,completed,11224.6,5.01332e-12,5.01332e-12,1.7932e-05,bounded,8.02873e-06,1,linear,8.02874e-10,-2.07597e-20,3.86747e+10,0,0,,
GL3,a,completed,18388.1,4.44089e-16,3.33067e-16,0.252849,random walk,2.91038e-11,0.885941,linear,-6.81154e-15,2.28711e-19,29782.3,6.78395e-16,4.90729e-15,0.822221,0.639676
GL3,b,completed,14244.7,1.11022e-16,6.66134e-16,0.482656,random walk,7.27596e-11,1.01513,linear,7.03783e-15,2.4457e-20,287764,0,0,,
Tao2,b,completed,3022.3,2.4525e-06,2.61944e-06,0.00273617,bounded,0.72929,0.999992,linear,-7.29526e-05,1.24484e-12,5.86041e+07,0,0,,
Tao4,b,completed,9042.43,4.89374e-09,5.15468e-09,-0.000368813,bounded,0.00175672,1,linear,1.75672e-07,-1.03839e-15,1.69178e+08,0,0,,
