case,formulation,method,nfev@1e-06,time_ms@1e-06,nfev@1e-10,time_ms@1e-10
deflection b = 6,a,DOP853,1168.76,0.900619,,
deflection b = 6,a,DP5,1255.75,1.02123,7098.36,5.81507
deflection b = 6,a,GL1,1.8536e+06,1581.67,,
deflection b = 6,a,GL2,48955.3,29.6515,360818,266.032
deflection b = 6,a,GL3,19178.4,13.41,64418.8,48.4619
deflection b = 6,a,RK4,16523.9,13.0743,155555,123.571
deflection b = 6,b,DOP853,475.921,0.640453,1364.35,1.62931
deflection b = 6,b,DP5,486.654,0.734833,1810.53,2.1631
deflection b = 6,b,GL1,325279,359.938,,
deflection b = 6,b,GL2,14400.9,12.7964,107467,109.167
deflection b = 6,b,GL3,9819.64,8.27833,35534,34.4437
deflection b = 6,b,RK4,16847.3,16.9775,173922,167.161
deflection b = 6,b,Tao2,195130,274.633,,
deflection b = 6,b,Tao4,56345,54.7573,561191,577.415
"inclined orbit, 60°, 2 periods",a,DOP853,1420.77,1.18018,2362.12,1.91618
"inclined orbit, 60°, 2 periods",a,DP5,1580.49,1.61267,,
"inclined orbit, 60°, 2 periods",a,GL1,738077,576.642,,
"inclined orbit, 60°, 2 periods",a,GL2,18151.8,10.2804,119377,74.2215
"inclined orbit, 60°, 2 periods",a,GL3,8379.82,4.78987,18323.8,10.2329
"inclined orbit, 60°, 2 periods",a,RK4,12409,9.9857,126262,93.6337
"inclined orbit, 60°, 2 periods",b,DOP853,958.492,1.00334,3207.37,2.96649
"inclined orbit, 60°, 2 periods",b,DP5,1905.24,1.85747,10812.7,10.5419
"inclined orbit, 60°, 2 periods",b,GL1,515234,515.681,,
"inclined orbit, 60°, 2 periods",b,GL2,13602.6,11.0712,89495.2,79.2531
"inclined orbit, 60°, 2 periods",b,GL3,8080.07,5.9473,21223.7,17.1297
"inclined orbit, 60°, 2 periods",b,RK4,13104.8,13.1414,125274,119.542
"inclined orbit, 60°, 2 periods",b,Tao2,217966,303.137,,
"inclined orbit, 60°, 2 periods",b,Tao4,16249.4,17.1614,162084,163.772
"orbit (20, 0.5), 3 periods",a,DOP853,1522.57,1.26179,3499.44,2.66857
"orbit (20, 0.5), 3 periods",a,DP5,2467.32,2.122,,
"orbit (20, 0.5), 3 periods",a,GL1,958340,753.479,,
"orbit (20, 0.5), 3 periods",a,GL2,21000.8,11.6656,137373,86.0397
"orbit (20, 0.5), 3 periods",a,GL3,7466.51,4.13409,20209.4,12.8726
"orbit (20, 0.5), 3 periods",a,RK4,8314.17,5.96247,84391.5,69.3961
"orbit (20, 0.5), 3 periods",b,DOP853,1022.17,1.13854,2329.05,2.48917
"orbit (20, 0.5), 3 periods",b,DP5,1335.82,1.56571,6598.42,7.12576
"orbit (20, 0.5), 3 periods",b,GL1,434500,421.934,,
"orbit (20, 0.5), 3 periods",b,GL2,14649.6,10.9694,97384.3,83.8222
"orbit (20, 0.5), 3 periods",b,GL3,5435.44,4.2395,16270.5,13.3152
"orbit (20, 0.5), 3 periods",b,RK4,4755.59,5.06373,34860.8,34.4474
"orbit (20, 0.5), 3 periods",b,Tao2,222227,311.756,,
"orbit (20, 0.5), 3 periods",b,Tao4,34028.5,34.664,339297,328.39
