item,value
CPU,Intel(R) Core(TM) i5-7300HQ CPU @ 2.50GHz
logical cores,4
operating system,Linux-7.0.0-34-generic-x86_64-with-glibc2.43
Python,3.14.7
numpy,2.5.3
scipy,1.18.1
numba,0.68.0
llvmlite,0.50.0
mpmath,1.3.0
matplotlib,3.11.2
pandas,3.0.6
geoint,1.0.0
threads per process,1 (NUMBA_NUM_THREADS = OMP_NUM_THREADS = 1)
parallel sweeps,up to 4 forked worker processes; timing runs one at a time
timing,median of 2 repeats after a warm-up run (ADR 0003)
floating point,IEEE 754 double; compensated summation in fixed-step updates
